Year,Month,Region,Avg LST,Avg NDSI,Avg NDVI,Avg Precipitation,Flood
2000,Jan,balochistan,37.1254907,-0.260939062,999.5640177,0.464064516,No
2000,Jan,gilgit,7.258430906,0.2158047161,1135.796833,0.837,No
2000,Jan,kpk,21.21103765,-0.09540230993,2462.950572,1.232,No
2000,Jan,punjab,30.84107562,-0.2432891723,3088.21946,0.59683871,No
2000,Jan,sindh,36.24378683,-0.2467901881,2092.039119,0.089,No
2000,Feb,balochistan,34.81525,-0.23725,872.942,0.38162069,No
2000,Feb,gilgit,-2.764,0.452,246.799,0.552,No
2000,Feb,kpk,18.563,0.034,1864.482,0.681,No
2000,Feb,punjab,28.48475,-0.2515,3880.296,0.40562069,No
2000,Feb,sindh,35.623,-0.2625,2120.808508,0.069482759,No
2000,Mar,balochistan,35.34264516,-0.201548387,842.8425,0.305193548,No
2000,Mar,gilgit,3.182,0.426,368.545,1.116,No
2000,Mar,kpk,18.879,0.087,1976.236,1.703,No
2000,Mar,punjab,30.56183871,-0.177645161,3717.0555,0.249612903,No
2000,Mar,sindh,38.32406452,-0.223451613,1808.5,0.036064516,No
2000,Apr,balochistan,46.6252963,-0.219296296,816.8995,0.120066667,No
2000,Apr,gilgit,12.543,0.387,626.659,0.521,No
2000,Apr,kpk,29.649,-0.014,2041.727,0.873,No
2000,Apr,punjab,40.47144444,-0.214925926,2325.6375,0.241,No
2000,Apr,sindh,46.01425926,-0.232148148,1422.47,0.024666667,No
2000,May,balochistan,50.68413333,-0.226433333,794.0425,0.156129032,No
2000,May,gilgit,19.558,0.196,1166.658,1.132,No
2000,May,kpk,33.938,-0.089,2053.476,0.923,No
2000,May,punjab,41.65126667,-0.208733333,1562.834,0.30083871,No
2000,May,sindh,44.20556667,-0.207666667,1295.45,0.019709677,No
2000,Jun,balochistan,47.45123333,-0.218833333,741.8795,0.107433333,No
2000,Jun,gilgit,21.014,0.112,1753.918,1.131,No
2000,Jun,kpk,32.489,-0.124,2312.757,1.259,No
2000,Jun,punjab,38.4788,-0.157666667,1585.8915,0.7955,No
2000,Jun,sindh,40.8049,-0.1594,1262.75,0.068033333,No
2000,Jul,balochistan,45.57941935,-0.204322581,786.2045,0.525387097,No
2000,Jul,gilgit,20.867,0.075,2098.979,1.383,No
2000,Jul,kpk,29.904,-0.088,2815.6,2.314,No
2000,Jul,punjab,35.32993333,-0.057645161,2609.762,3.159516129,No
2000,Jul,sindh,38.62583333,-0.094129032,1557.72,1.464709677,No
2000,Aug,balochistan,45.13877778,-0.186277778,834.716,0.234741935,No
2000,Aug,gilgit,21.553,0.029,1964.615,1.282,No
2000,Aug,kpk,30.095,-0.15,2973.137,1.784,No
2000,Aug,punjab,34.75022222,-0.169,3326.8065,1.686387097,No
2000,Aug,sindh,37.40866667,-0.101277778,2174.33,0.834419355,No
2000,Sep,balochistan,45.53255172,-0.233172414,876.4375,0.070766667,No
2000,Sep,gilgit,19.564,0.049,1580.416,1.37,No
2000,Sep,kpk,28.781,-0.161,2649.687,2.248,No
2000,Sep,punjab,35.89937931,-0.218724138,3218.3235,1.088733333,No
2000,Sep,sindh,39.69051724,-0.180724138,2293.07,0.014933333,No
2000,Oct,balochistan,42.5863,-0.256333333,888.8935,0.002225806,No
2000,Oct,gilgit,14.286,0.099,1178.388,0.272,No
2000,Oct,kpk,27.529,-0.169,2233.566,0.446,No
2000,Oct,punjab,36.9115,-0.2714,2605.0945,0.038903226,No
2000,Oct,sindh,42.5977,-0.234966667,2109.86,0.0,No
2000,Nov,balochistan,31.79157143,-0.272033333,862.632,0.020533333,No
2000,Nov,gilgit,3.99,0.223,783.341,0.222,No
2000,Nov,kpk,19.213,-0.086,1974.229,0.242,No
2000,Nov,punjab,30.02559259,-0.255166667,2380.254,0.029166667,No
2000,Nov,sindh,35.4089,-0.285833333,1721.37,0.001666667,No
2000,Dec,balochistan,26.4986,-0.277,905.725,0.305225806,No
2000,Dec,gilgit,-6.053,0.374,472.532,0.465,No
2000,Dec,kpk,9.784,-0.007,1812.144,0.779,No
2000,Dec,punjab,24.36554839,-0.252451613,2397.6755,0.214225806,No
2000,Dec,sindh,30.73706667,-0.289933333,1732.78,0.022645161,No
2001,Jan,balochistan,24.85077419,-0.307612903,910.4035,0.271516129,No
2001,Jan,gilgit,-4.522,0.367,433.517,0.414,No
2001,Jan,kpk,10.139,-0.044,1825.099,0.416,No
2001,Jan,punjab,21.96083871,-0.202774194,3042.0175,0.225387097,No
2001,Jan,sindh,29.31596774,-0.293774194,1843.02,0.045129032,No
2001,Feb,balochistan,28.63262963,-0.237296296,901.5835,0.627964286,No
2001,Feb,gilgit,0.329,0.352,529.379,0.569,No
2001,Feb,kpk,15.657,-0.023,1809.838,0.506,No
2001,Feb,punjab,26.26534615,-0.265384615,3573.384,0.268464286,No
2001,Feb,sindh,33.35765385,-0.272692308,1904.03,0.078142857,No
2001,Mar,balochistan,36.49990323,-0.252806452,878.2835,0.440258065,No
2001,Mar,gilgit,4.759,0.381,525.949,0.965,No
2001,Mar,kpk,22.134,0.004,1852.574,1.554,No
2001,Mar,punjab,32.01222581,-0.272032258,3564.974,0.420290323,No
2001,Mar,sindh,39.41309677,-0.247870968,1738.11,0.09116129,No
2001,Apr,balochistan,43.64756667,-0.254333333,841.3935,0.663633333,No
2001,Apr,gilgit,12.706,0.335,653.56,0.977,No
2001,Apr,kpk,27.728,-0.018,1942.647,2.003,No
2001,Apr,punjab,37.79613333,-0.208733333,2250.373,0.5794,No
2001,Apr,sindh,44.21043333,-0.2579,1364.8,0.105866667,No
2001,May,balochistan,49.04064516,-0.273903226,791.0075,0.114419355,No
2001,May,gilgit,20.422,0.16,1205.94,0.897,No
2001,May,kpk,33.856,-0.163,2020.28,0.666,No
2001,May,punjab,41.2273871,-0.262774194,1532.3915,0.398870968,No
2001,May,sindh,44.34967742,-0.239419355,1224.45,0.051129032,No
2001,Jun,balochistan,46.568,-0.2485,742.826,0.285266667,No
2001,Jun,gilgit,22.83,0.07,1767.092,1.385,No
2001,Jun,kpk,32.54,-0.162,2243.623,1.994,No
2001,Jun,punjab,37.13264286,-0.188714286,2012.7165,1.8304,No
2001,Jun,sindh,40.86323077,-0.186571429,1425.62,0.235866667,No
2001,Jul,balochistan,39.25171429,-0.172321429,812.319,1.290451613,No
2001,Jul,gilgit,21.649,0.028,2185.943,1.887,No
2001,Jul,kpk,28.129,-0.126,2935.648,3.279,No
2001,Jul,punjab,33.85596429,-0.09025,2831.6315,4.150483871,Yes
2001,Jul,sindh,34.54542308,-0.041607143,1818.89,2.464387097,No
2001,Aug,balochistan,43.60446667,-0.247833333,923.252,0.286225806,No
2001,Aug,gilgit,22.736,-0.038,1989.39,1.438,No
2001,Aug,kpk,28.879,-0.18,2985.363,2.183,No
2001,Aug,punjab,34.25713333,-0.204733333,3483.0565,1.729,No
2001,Aug,sindh,36.17317241,-0.130766667,2483.08,0.883870968,No
2001,Sep,balochistan,43.99243333,-0.282266667,918.522,0.0823,No
2001,Sep,gilgit,17.548,0.047,1423.323,1.374,No
2001,Sep,kpk,28.231,-0.213,2489.347,1.515,No
2001,Sep,punjab,35.08853333,-0.281666667,3355.639,1.035033333,No
2001,Sep,sindh,39.14376667,-0.2374,2472.61,0.022,No
2001,Oct,balochistan,40.7675,-0.290033333,907.179,0.001290323,No
2001,Oct,gilgit,12.314,0.094,1161.115,0.343,No
2001,Oct,kpk,26.033,-0.224,2138.327,0.348,No
2001,Oct,punjab,34.5929,-0.292166667,2772.848,0.034806452,No
2001,Oct,sindh,40.34006667,-0.285666667,2325.92,0.019548387,No
2001,Nov,balochistan,33.31406897,-0.305172414,870.841,0.004633333,No
2001,Nov,gilgit,0.731,0.376,513.02,0.382,No
2001,Nov,kpk,19.372,-0.097,1873.461,0.412,No
2001,Nov,punjab,29.65358621,-0.31537931,2503.356,0.023166667,No
2001,Nov,sindh,35.52344828,-0.302275862,1958.89,0.001633333,No
2001,Dec,balochistan,27.88622581,-0.269806452,870.0605,0.231096774,No
2001,Dec,gilgit,-5.966,0.378,404.445,0.412,No
2001,Dec,kpk,10.998,-0.039,1811.318,0.379,No
2001,Dec,punjab,23.56690323,-0.237806452,2516.401,0.186806452,No
2001,Dec,sindh,30.84612903,-0.275064516,1928.79,0.036258065,No
2002,Jan,balochistan,24.29706452,-0.286419355,919.0595,0.247741935,No
2002,Jan,gilgit,-9.207,0.444,296.596,0.489,No
2002,Jan,kpk,9.014,-0.011,1743.955,0.511,No
2002,Jan,punjab,21.45716129,-0.243354839,3158.041,0.215064516,No
2002,Jan,sindh,28.30512903,-0.288709677,2070.95,0.030516129,No
2002,Feb,balochistan,27.59803571,-0.236285714,902.8635,0.467285714,No
2002,Feb,gilgit,-4.084,0.434,326.877,1.059,No
2002,Feb,kpk,11.122,0.123,1822.47,1.827,No
2002,Feb,punjab,24.68553571,-0.215071429,3665.0135,0.440642857,No
2002,Feb,sindh,31.34175,-0.270392857,2072.25,0.046535714,No
2002,Mar,balochistan,34.16390909,-0.216772727,894.973,0.413419355,No
2002,Mar,gilgit,0.133,0.455,433.606,1.141,No
2002,Mar,kpk,17.773,0.056,2057.253,1.52,No
2002,Mar,punjab,30.42454545,-0.229454545,3670.0055,0.427,No
2002,Mar,sindh,37.63840909,-0.246681818,1902.91,0.088741935,No
2002,Apr,balochistan,42.28072414,-0.243586207,842.194,0.3176,No
2002,Apr,gilgit,9.284,0.419,562.737,1.485,No
2002,Apr,kpk,26.903,-0.003,2079.27,1.977,No
2002,Apr,punjab,38.84175862,-0.197413793,2192.505,0.368766667,No
2002,Apr,sindh,44.5707931,-0.235724138,1402.39,0.0695,No
2002,May,balochistan,48.94483871,-0.281354839,802.387,0.074516129,No
2002,May,gilgit,16.383,0.291,894.183,0.674,No
2002,May,kpk,33.948,-0.093,2052.246,0.582,No
2002,May,punjab,44.90719355,-0.273645161,1558.0575,0.358483871,No
2002,May,sindh,46.45574194,-0.257032258,1275.64,0.021258065,No
2002,Jun,balochistan,48.56946667,-0.2755,782.61,0.102433333,No
2002,Jun,gilgit,19.405,0.151,1638.863,1.821,No
2002,Jun,kpk,33.209,-0.166,2274.287,2.019,No
2002,Jun,punjab,39.19953333,-0.221033333,1757.705,0.809066667,No
2002,Jun,sindh,41.99026667,-0.219666667,1324.38,0.286866667,No
2002,Jul,balochistan,45.51670968,-0.255612903,782.2285,0.158451613,No
2002,Jul,gilgit,21.977,0.01,2064.443,1.155,No
2002,Jul,kpk,31.374,-0.205,2579.289,1.022,No
2002,Jul,punjab,35.3943871,-0.198870968,2120.9915,0.920645161,No
2002,Jul,sindh,36.71174194,-0.155548387,1555.64,0.069,No
2002,Aug,balochistan,43.96203226,-0.23916129,822.976,0.204290323,No
2002,Aug,gilgit,21.237,0.002,2093.025,1.597,No
2002,Aug,kpk,27.715,-0.114,2966.284,2.985,No
2002,Aug,punjab,35.11746667,-0.167258065,3056.2605,2.137774194,No
2002,Aug,sindh,37.03586667,-0.157967742,1983.45,0.246870968,No
2002,Sep,balochistan,42.98696667,-0.286666667,886.1015,0.104066667,No
2002,Sep,gilgit,17.557,0.075,1771.547,1.613,No
2002,Sep,kpk,27.454,-0.197,2827.278,1.813,No
2002,Sep,punjab,34.58333333,-0.247166667,3338.983,1.4771,No
2002,Sep,sindh,38.80983333,-0.2459,2175.5,0.0629,No
2002,Oct,balochistan,41.13974194,-0.302741935,866.16,0.011483871,No
2002,Oct,gilgit,12.839,0.009,1413.44,0.459,No
2002,Oct,kpk,24.654,-0.242,2387.231,0.477,No
2002,Oct,punjab,34.15409677,-0.294870968,2734.904,0.124064516,No
2002,Oct,sindh,40.86216129,-0.276612903,2031.43,0.001064516,No
2002,Nov,balochistan,31.62026667,-0.254033333,891.8145,0.1316,No
2002,Nov,gilgit,5.226,0.152,1109.183,0.208,No
2002,Nov,kpk,17.19,-0.089,2152.266,0.554,No
2002,Nov,punjab,28.37023333,-0.234133333,2616.571,0.103866667,No
2002,Nov,sindh,35.33526667,-0.255966667,1892.16,0.004233333,No
2002,Dec,balochistan,24.52716129,-0.257548387,871.669,0.363290323,No
2002,Dec,gilgit,-4.852,0.315,542.317,0.524,No
2002,Dec,kpk,10.432,0.022,1771.233,0.939,No
2002,Dec,punjab,22.55409677,-0.224483871,2541.046,0.238096774,No
2002,Dec,sindh,28.96864516,-0.251129032,1785.78,0.010322581,No
2003,Jan,balochistan,24.52812903,-0.228290323,903.124,0.527419355,No
2003,Jan,gilgit,-4.413,0.337,518.413,0.677,No
2003,Jan,kpk,8.181,0.029,1813.066,0.938,No
2003,Jan,punjab,21.10209677,-0.125612903,3082.5535,0.417870968,No
2003,Jan,sindh,28.27233333,-0.254129032,1949.37,0.061548387,No
2003,Feb,balochistan,27.34737037,-0.186592593,894.442,0.807214286,No
2003,Feb,gilgit,-3.198,0.416,310.529,2.204,No
2003,Feb,kpk,10.255,0.11,1800.666,3.001,No
2003,Feb,punjab,22.27525926,-0.173925926,3984.4625,1.520607143,No
2003,Feb,sindh,30.06407407,-0.206111111,2069.33,0.194178571,No
2003,Mar,balochistan,33.1474,-0.215566667,885.445,0.533548387,No
2003,Mar,gilgit,1.218,0.458,349.498,2.186,No
2003,Mar,kpk,16.383,0.092,2018.068,2.502,No
2003,Mar,punjab,27.82046667,-0.180066667,3806.8895,0.673096774,No
2003,Mar,sindh,35.84096667,-0.2338,1787.08,0.094483871,No
2003,Apr,balochistan,43.0466,-0.267166667,897.185,0.268066667,No
2003,Apr,gilgit,9.924,0.444,479.553,2.011,No
2003,Apr,kpk,26.093,0.024,2217.323,2.465,No
2003,Apr,punjab,37.83010345,-0.256068966,2300.3495,0.456933333,No
2003,Apr,sindh,44.04975862,-0.25,1435.29,0.0745,No
2003,May,balochistan,44.43867742,-0.26916129,827.9605,0.206516129,No
2003,May,gilgit,13.176,0.376,799.527,2.324,No
2003,May,kpk,31.623,-0.048,2169.244,1.166,No
2003,May,punjab,42.03245161,-0.255806452,1715.89,0.265516129,No
2003,May,sindh,44.05080645,-0.247064516,1279.12,0.036806452,No
2003,Jun,balochistan,46.92063333,-0.267233333,790.2285,0.121833333,No
2003,Jun,gilgit,18.843,0.187,1504.589,1.258,No
2003,Jun,kpk,32.828,-0.141,2335.899,1.166,No
2003,Jun,punjab,40.6358,-0.218733333,1780.055,0.874733333,No
2003,Jun,sindh,41.04226667,-0.2006,1422.03,0.103066667,No
2003,Jul,balochistan,39.93003226,-0.146258065,851.6445,1.991451613,No
2003,Jul,gilgit,22.829,0.006,2215.079,2.217,No
2003,Jul,kpk,28.312,-0.126,2988.962,2.529,No
2003,Jul,punjab,34.851,-0.107322581,2991.6535,3.228516129,No
2003,Jul,sindh,35.64533333,-0.020580645,2234.98,7.151225806,Yes
2003,Aug,balochistan,41.53477419,-0.233741935,1014.97,0.556806452,No
2003,Aug,gilgit,21.479,0.023,2231.037,0.985,No
2003,Aug,kpk,27.563,-0.167,3290.885,2.641,No
2003,Aug,punjab,33.23270968,-0.183258065,3767.2525,2.795322581,No
2003,Aug,sindh,34.19606452,-0.119645161,2891.1,1.711451613,No
2003,Sep,balochistan,41.89693333,-0.273766667,1025.36,0.0796,No
2003,Sep,gilgit,16.95,0.065,1605.633,1.625,No
2003,Sep,kpk,27.377,-0.141,2807.457,1.899,No
2003,Sep,punjab,34.3173,-0.251533333,3515.83,1.2299,No
2003,Sep,sindh,35.59146667,-0.216033333,2896.42,0.0128,No
2003,Oct,balochistan,40.60370968,-0.312096774,1011.229,0.003290323,No
2003,Oct,gilgit,10.902,0.166,1178.852,0.321,No
2003,Oct,kpk,24.755,-0.207,2421.455,0.394,No
2003,Oct,punjab,34.29154839,-0.327258065,2991.393,0.031774194,No
2003,Oct,sindh,39.69029032,-0.296645161,2541.07,0.000322581,No
2003,Nov,balochistan,30.72603333,-0.2871,969.42,0.033433333,No
2003,Nov,gilgit,1.419,0.288,903.852,0.344,No
2003,Nov,kpk,16.56,-0.056,2131.765,0.623,No
2003,Nov,punjab,28.41953333,-0.2867,2550.801,0.117133333,No
2003,Nov,sindh,33.08246667,-0.277133333,2251.65,0.004166667,No
2003,Dec,balochistan,24.65895652,-0.258608696,930.56,0.12916129,No
2003,Dec,gilgit,-6.844,0.331,480.095,0.78,No
2003,Dec,kpk,11.457,-0.018,1843.621,0.589,No
2003,Dec,punjab,22.12282609,-0.215869565,2689.041,0.116548387,No
2003,Dec,sindh,28.2703913,-0.27073913,2090.21,0.006741935,No
2004,Jan,balochistan,23.08216129,-0.187451613,967.6355,0.827,No
2004,Jan,gilgit,-9.981,0.434,346.462,1.449,No
2004,Jan,kpk,4.655,0.131,1910.607,2.363,No
2004,Jan,punjab,19.3326129,-0.119290323,3584.7155,0.954645161,No
2004,Jan,sindh,26.51990323,-0.23983871,2267.74,0.110225806,No
2004,Feb,balochistan,28.97753571,-0.288035714,948.583,0.276586207,No
2004,Feb,gilgit,-4.836,0.464,395.23,0.754,No
2004,Feb,kpk,12.291,0.027,2098.192,1.553,No
2004,Feb,punjab,24.36785714,-0.282071429,4251.6085,0.374482759,No
2004,Feb,sindh,32.21046429,-0.299607143,2421.53,0.031275862,No
2004,Mar,balochistan,38.93441935,-0.28216129,948.1745,0.265322581,No
2004,Mar,gilgit,7.37,0.389,560.375,0.381,No
2004,Mar,kpk,23.482,-0.051,2315.579,0.565,No
2004,Mar,punjab,33.10609677,-0.311064516,3775.782,0.160419355,No
2004,Mar,sindh,41.52009677,-0.303096774,2072.36,0.034096774,No
2004,Apr,balochistan,42.9929,-0.2482,878.5025,0.179433333,No
2004,Apr,gilgit,11.146,0.393,699.449,2.036,No
2004,Apr,kpk,27.956,0.006,2140.482,2.358,No
2004,Apr,punjab,38.70058621,-0.203633333,2231.7705,0.610866667,No
2004,Apr,sindh,42.41136667,-0.2545,1562.32,0.054466667,No
2004,May,balochistan,47.12367742,-0.274806452,814.29,0.069645161,No
2004,May,gilgit,15.378,0.292,1102.995,0.855,No
2004,May,kpk,32.215,-0.12,2162.418,0.626,No
2004,May,punjab,42.85725806,-0.274193548,1636.3855,0.237774194,No
2004,May,sindh,43.89803226,-0.238129032,1402.8,0.027193548,No
2004,Jun,balochistan,46.29406667,-0.266033333,800.4725,0.114833333,No
2004,Jun,gilgit,18.712,0.158,1692.894,1.237,No
2004,Jun,kpk,31.859,-0.172,2436.667,0.944,No
2004,Jun,punjab,37.5766,-0.207066667,1899.3825,1.061333333,No
2004,Jun,sindh,39.5325,-0.198733333,1458.97,0.228033333,No
2004,Jul,balochistan,43.51806452,-0.246419355,794.839,0.288096774,No
2004,Jul,gilgit,21.667,0.047,2221.272,1.501,No
2004,Jul,kpk,30.371,-0.182,2875.43,1.98,No
2004,Jul,punjab,34.86732258,-0.192387097,2610.666,1.664709677,No
2004,Jul,sindh,36.66676667,-0.165419355,1668.4,0.247548387,No
2004,Aug,balochistan,42.49341935,-0.246064516,842.3735,0.259709677,No
2004,Aug,gilgit,20.678,0.037,2139.355,1.462,No
2004,Aug,kpk,28.07,-0.175,3027.349,2.651,No
2004,Aug,punjab,33.32493548,-0.155870968,3509.465,2.699935484,No
2004,Aug,sindh,35.40676667,-0.167322581,2211.89,0.809806452,No
2004,Sep,balochistan,42.9034,-0.265266667,891.8055,0.096433333,No
2004,Sep,gilgit,19.489,-0.032,1609.659,0.949,No
2004,Sep,kpk,29.193,-0.225,2624.177,1.574,No
2004,Sep,punjab,35.2435,-0.2752,3392.6775,0.856066667,No
2004,Sep,sindh,38.81473333,-0.228433333,2489.32,0.226833333,No
2004,Oct,balochistan,38.38896774,-0.282258065,878.998,0.041709677,No
2004,Oct,gilgit,7.775,0.241,1066.517,0.965,No
2004,Oct,kpk,20.917,-0.057,2160.049,1.654,No
2004,Oct,punjab,32.51412903,-0.23783871,2771.886,0.254322581,No
2004,Oct,sindh,36.25393548,-0.222258065,2258.46,0.129806452,No
2004,Nov,balochistan,33.6946,-0.289633333,868.332,0.0459,No
2004,Nov,gilgit,2.004,0.236,859.814,0.387,No
2004,Nov,kpk,16.314,-0.087,2085.951,0.497,No
2004,Nov,punjab,29.2702,-0.261433333,2399.411,0.1236,No
2004,Nov,sindh,34.3537,-0.259266667,2056.85,0.015233333,No
2004,Dec,balochistan,24.94683871,-0.217806452,872.093,0.508322581,No
2004,Dec,gilgit,-5.274,0.334,470.866,0.694,No
2004,Dec,kpk,9.895,0.04,1903.11,1.41,No
2004,Dec,punjab,21.96554839,-0.212096774,2635.0185,0.217774194,No
2004,Dec,sindh,27.83009677,-0.234612903,2058.65,0.01183871,No
2005,Jan,balochistan,20.33925806,-0.188354839,885.2685,20.33925806,No
2005,Jan,gilgit,-11.906,0.46,226.829,1.164,No
2005,Jan,kpk,3.004,0.131,1884.664,1.9,No
2005,Jan,punjab,17.54148387,-0.192870968,3524.38,0.832129032,No
2005,Jan,sindh,24.81322581,-0.218322581,2196.54,0.126548387,No
2005,Feb,balochistan,22.61271429,-0.106607143,853.8975,22.61271429,No
2005,Feb,gilgit,-7.457,0.45,142.051,2.568,No
2005,Feb,kpk,5.951,0.217,1803.745,3.462,No
2005,Feb,punjab,19.26740741,-0.05675,4421.26,1.502785714,No
2005,Feb,sindh,29.34692857,-0.172928571,2295.18,0.188785714,No
2005,Mar,balochistan,31.59067742,-0.185451613,959.297,31.59067742,No
2005,Mar,gilgit,0.617,0.462,354.269,1.698,No
2005,Mar,kpk,16.007,0.137,2330.11,2.741,No
2005,Mar,punjab,28.51429032,-0.154032258,4606.61,1.450258065,No
2005,Mar,sindh,37.47625806,-0.242645161,2097.14,0.085032258,No
2005,Apr,balochistan,40.34673333,-0.256833333,1028.137,40.34673333,No
2005,Apr,gilgit,7.965,0.448,552.452,1.47,No
2005,Apr,kpk,25.669,0.017,2326.766,1.908,No
2005,Apr,punjab,36.47113333,-0.248866667,2588.6,0.349433333,No
2005,Apr,sindh,42.86216667,-0.251633333,1477.07,0.115266667,No
2005,May,balochistan,43.88370968,-0.245967742,1017.145,43.88370968,No
2005,May,gilgit,14.341,0.338,857.621,2.198,No
2005,May,kpk,28.883,-0.005,2340.194,1.833,No
2005,May,punjab,40.7766129,-0.201516129,1966.67,0.526290323,No
2005,May,sindh,44.54654839,-0.25816129,1376.38,0.11783871,No
2005,Jun,balochistan,47.76073333,-0.260666667,949.2155,47.76073333,No
2005,Jun,gilgit,18.704,0.225,1410.676,0.946,No
2005,Jun,kpk,33.597,-0.14,2484.893,1.058,No
2005,Jun,punjab,43.0801,-0.236633333,1857.94,0.681,No
2005,Jun,sindh,43.1012,-0.216833333,1436.6,0.3554,No
2005,Jul,balochistan,44.71580645,-0.245129032,952.3535,44.71580645,No
2005,Jul,gilgit,20.203,0.091,2266.541,1.805,No
2005,Jul,kpk,28.512,-0.117,3110.797,2.674,No
2005,Jul,punjab,34.89696774,-0.117580645,2805.68,3.252032258,No
2005,Jul,sindh,37.63793548,-0.124645161,1770.54,0.676032258,No
2005,Aug,balochistan,45.27254839,-0.272580645,991.0145,45.27254839,No
2005,Aug,gilgit,21.604,-0.041,2277.765,1.254,No
2005,Aug,kpk,28.491,-0.204,3345.841,2.408,No
2005,Aug,punjab,34.96851613,-0.218548387,3332.16,1.71783871,No
2005,Aug,sindh,37.00080645,-0.140129032,2230.6,0.540516129,No
2005,Sep,balochistan,44.4878,-0.292833333,1010.904,44.4878,No
2005,Sep,gilgit,20.005,-0.038,1897.372,1.093,No
2005,Sep,kpk,28.718,-0.232,3016.752,1.73,No
2005,Sep,punjab,34.94337931,-0.250965517,3718.11,1.836433333,No
2005,Sep,sindh,37.84776667,-0.2099,2611.68,0.8778,No
2005,Oct,balochistan,40.44741935,-0.313548387,1000.654,40.44741935,No
2005,Oct,gilgit,12.342,0.11,1216.198,0.501,Yes
2005,Oct,kpk,25.374,-0.19,2440.023,0.617,No
2005,Oct,punjab,34.36880645,-0.325870968,3073.93,0.092870968,No
2005,Oct,sindh,39.43774194,-0.290483871,2357.62,0.0,No
2005,Nov,balochistan,32.10948276,-0.292827586,958.416,32.10948276,No
2005,Nov,gilgit,1.968,0.226,905.743,0.4,No
2005,Nov,kpk,16.58,-0.089,2123.006,0.633,No
2005,Nov,punjab,28.89096667,-0.294933333,2550.61,0.041766667,No
2005,Nov,sindh,34.79803448,-0.291448276,1994.54,0.001533333,No
2005,Dec,balochistan,25.84735484,-0.287193548,956.7095,25.84735484,No
2005,Dec,gilgit,-5.512,0.312,578.914,0.418,No
2005,Dec,kpk,10.848,-0.085,1885.722,0.494,No
2005,Dec,punjab,21.90009677,-0.266225806,2292.35,0.278193548,No
2005,Dec,sindh,28.2193871,-0.279096774,1864.96,0.031483871,No
2006,Jan,balochistan,22.63619355,-0.215096774,954.975,22.63619355,No
2006,Jan,gilgit,-11.7,0.41,223.859,1.866,No
2006,Jan,kpk,7.223,0.094,1668.591,2.224,No
2006,Jan,punjab,19.27319355,-0.152354839,2966.92,0.617806452,No
2006,Jan,sindh,26.70864516,-0.237967742,2044.23,0.068258065,No
2006,Feb,balochistan,30.19035714,-0.18675,963.565,30.19035714,No
2006,Feb,gilgit,0.643,0.416,360.783,1.061,No
2006,Feb,kpk,14.762,0.07,2130.93,1.307,No
2006,Feb,punjab,25.99892857,-0.150392857,3994.94,0.494642857,No
2006,Feb,sindh,33.33417857,-0.219928571,2264.06,0.103821429,No
2006,Mar,balochistan,34.76132258,-0.221483871,957.3155,34.76132258,No
2006,Mar,gilgit,1.516,0.462,478.482,0.947,No
2006,Mar,kpk,17.037,0.097,2350.536,1.723,No
2006,Mar,punjab,29.42693548,-0.202354839,3828.11,0.597903226,No
2006,Mar,sindh,37.55987097,-0.249258065,1959.74,0.082225806,No
2006,Apr,balochistan,42.5527,-0.2432,916.7185,42.5527,No
2006,Apr,gilgit,9.616,0.434,499.034,0.987,No
2006,Apr,kpk,26.172,-0.024,2211.881,1.668,No
2006,Apr,punjab,38.31996667,-0.262566667,2263.92,0.6825,No
2006,Apr,sindh,42.51196667,-0.2527,1430.94,0.099066667,No
2006,May,balochistan,48.17212903,-0.282064516,854.4415,48.17212903,No
2006,May,gilgit,18.662,0.24,1066.995,0.625,No
2006,May,kpk,33.294,-0.136,2147.627,0.588,No
2006,May,punjab,40.79416129,-0.253870968,1665.64,0.497354839,No
2006,May,sindh,44.08990323,-0.251225806,1279.44,0.015354839,No
2006,Jun,balochistan,46.6062069,-0.277724138,824.428,46.6062069,No
2006,Jun,gilgit,19.619,0.14,1757.468,1.128,No
2006,Jun,kpk,32.756,-0.165,2381.301,0.986,No
2006,Jun,punjab,38.29862069,-0.223931034,1905.37,1.145933333,No
2006,Jun,sindh,40.11167857,-0.213586207,1372.41,0.2695,No
2006,Jul,balochistan,43.43574194,-0.229064516,871.8875,43.43574194,No
2006,Jul,gilgit,23.622,0.0,2173.919,2.222,No
2006,Jul,kpk,29.556,-0.139,2896.236,2.553,No
2006,Jul,punjab,34.72309677,-0.124387097,2759.32,2.886967742,No
2006,Jul,sindh,36.33766667,-0.113290323,1836.47,2.183225806,No
2006,Aug,balochistan,41.41293333,-0.189533333,1045.047,41.41293333,No
2006,Aug,gilgit,18.601,0.052,2173.979,2.133,No
2006,Aug,kpk,25.916,-0.085,3354.934,3.436,No
2006,Aug,punjab,34.85916667,-0.115566667,3720.45,3.186935484,No
2006,Aug,sindh,33.28044828,-0.029366667,2684.23,5.790419355,No
2006,Sep,balochistan,42.9015,-0.287866667,1046.5025,42.9015,No
2006,Sep,gilgit,17.244,0.022,1844.236,1.622,No
2006,Sep,kpk,28.307,-0.23,2944.102,1.369,No
2006,Sep,punjab,35.01483333,-0.2583,3547.05,1.198833333,No
2006,Sep,sindh,36.2585,-0.204133333,3063.49,0.5924,No
2006,Oct,balochistan,40.98441935,-0.300645161,989.683,40.98441935,No
2006,Oct,gilgit,11.392,0.066,1331.411,0.453,No
2006,Oct,kpk,24.216,-0.212,2627.693,0.728,No
2006,Oct,punjab,34.36274194,-0.290677419,3144.64,0.291967742,No
2006,Oct,sindh,37.67783871,-0.271225806,2576.28,0.023096774,No
2006,Nov,balochistan,31.68893333,-0.246933333,997.179,31.68893333,No
2006,Nov,gilgit,0.596,0.268,941.886,0.65,No
2006,Nov,kpk,12.951,-0.024,2364.082,1.112,No
2006,Nov,punjab,28.3541,-0.211833333,2876.23,0.1871,No
2006,Nov,sindh,33.70873333,-0.276266667,2306.83,0.0104,No
2006,Dec,balochistan,21.30974194,-0.204290323,1003.132,21.30974194,No
2006,Dec,gilgit,-9.305,0.415,381.899,1.12,No
2006,Dec,kpk,6.368,0.084,1955.704,1.864,No
2006,Dec,punjab,19.96535484,-0.213612903,3042.03,0.500096774,No
2006,Dec,sindh,26.02158065,-0.217483871,2335.18,0.175322581,No
2007,Jan,balochistan,21.56841935,-0.253129032,1001.382,21.56841935,No
2007,Jan,gilgit,-8.113,0.388,477.397,0.325,No
2007,Jan,kpk,6.267,-0.013,2081.222,0.353,No
2007,Jan,punjab,19.75706452,-0.258935484,3500.61,0.180516129,No
2007,Jan,sindh,25.87874194,-0.239290323,2410.0,0.049064516,No
2007,Feb,balochistan,27.56853571,-0.180285714,1080.4625,27.56853571,No
2007,Feb,gilgit,-3.463,0.389,534.283,1.53,No
2007,Feb,kpk,6.711,0.166,2351.008,5.108,No
2007,Feb,punjab,22.877,-0.105464286,4515.87,2.053107143,No
2007,Feb,sindh,30.15039286,-0.255821429,2587.19,0.342785714,No
2007,Mar,balochistan,31.25606452,-0.220612903,1169.9235,31.25606452,No
2007,Mar,gilgit,0.026,0.446,451.036,2.869,No
2007,Mar,kpk,16.911,0.102,2411.253,3.912,No
2007,Mar,punjab,27.116,-0.186483871,4479.08,1.525322581,No
2007,Mar,sindh,34.90477419,-0.227483871,2212.41,0.311258065,No
2007,Apr,balochistan,43.99416667,-0.267966667,1141.211,43.99416667,No
2007,Apr,gilgit,12.747,0.343,796.449,0.807,No
2007,Apr,kpk,27.357,-0.065,2509.864,1.434,No
2007,Apr,punjab,39.85693333,-0.307066667,2779.21,0.260266667,No
2007,Apr,sindh,44.70083333,-0.285466667,1725.13,0.068733333,No
2007,May,balochistan,46.75341935,-0.283903226,1000.317,46.75341935,No
2007,May,gilgit,18.225,0.212,1347.644,1.524,No
2007,May,kpk,33.585,-0.124,2479.022,1.231,No
2007,May,punjab,41.88719355,-0.27383871,1967.96,0.428774194,No
2007,May,sindh,44.26241935,-0.265193548,1541.44,0.042677419,No
2007,Jun,balochistan,44.8522,-0.159433333,964.3355,44.8522,No
2007,Jun,gilgit,21.278,0.101,1966.16,1.893,No
2007,Jun,kpk,32.933,-0.111,2880.032,2.319,No
2007,Jun,punjab,40.2768,-0.182333333,2365.19,2.3682,No
2007,Jun,sindh,40.56616667,-0.1557,1737.25,1.092966667,Yes
2007,Jul,balochistan,41.23209677,-0.227709677,1122.0825,41.23209677,No
2007,Jul,gilgit,21.996,0.008,2343.409,1.797,No
2007,Jul,kpk,29.29,-0.166,3467.172,2.664,Yes
2007,Jul,punjab,34.16287097,-0.165129032,3106.77,3.207677419,No
2007,Jul,sindh,35.50753333,-0.112258065,2277.48,1.704935484,Yes
2007,Aug,balochistan,43.57135484,-0.242645161,1219.7095,43.57135484,No
2007,Aug,gilgit,21.466,-0.006,2143.232,1.489,No
2007,Aug,kpk,28.183,-0.195,3359.381,2.103,Yes
2007,Aug,punjab,34.63358065,-0.184677419,3736.59,2.016258065,No
2007,Aug,sindh,35.4536129,-0.126387097,2954.64,2.636354839,Yes
2007,Sep,balochistan,42.1347,-0.289033333,1186.8735,42.1347,No
2007,Sep,gilgit,18.132,0.038,1757.943,1.11,No
2007,Sep,kpk,27.345,-0.193,2923.586,1.49,No
2007,Sep,punjab,34.05263333,-0.2431,3640.2,1.5662,No
2007,Sep,sindh,36.589,-0.235766667,2796.28,0.4163,No
2007,Oct,balochistan,38.09696774,-0.31416129,1123.405,38.09696774,No
2007,Oct,gilgit,12.429,0.018,1479.108,0.202,No
2007,Oct,kpk,25.872,-0.254,2508.256,0.186,No
2007,Oct,punjab,34.59454839,-0.336677419,3102.11,0.01316129,No
2007,Oct,sindh,39.20651613,-0.292903226,2469.24,0.0,No
2007,Nov,balochistan,34.05883333,-0.3083,1087.7675,34.05883333,No
2007,Nov,gilgit,5.766,-0.024,1338.992,0.187,No
2007,Nov,kpk,17.802,-0.21,2322.573,0.351,No
2007,Nov,punjab,29.3425,-0.273,2692.83,0.068433333,No
2007,Nov,sindh,35.2552,-0.302166667,2170.73,0.001533333,No
2007,Dec,balochistan,24.43490323,-0.261612903,1066.7445,24.43490323,No
2007,Dec,gilgit,-4.477,0.292,703.672,0.573,No
2007,Dec,kpk,9.111,-0.019,2039.314,0.587,No
2007,Dec,punjab,21.29632258,-0.242387097,2791.97,0.191483871,No
2007,Dec,sindh,26.99441935,-0.258064516,2142.13,0.037709677,No
2008,Jan,balochistan,17.07322581,-0.12383871,1062.377,17.07322581,No
2008,Jan,gilgit,-8.346,0.39,309.688,2.1,No
2008,Jan,kpk,5.465,0.078,1791.116,2.582,No
2008,Jan,punjab,16.97251613,-0.167709677,3304.73,1.017516129,No
2008,Jan,sindh,24.59193548,-0.177645161,2322.97,0.147645161,No
2008,Feb,balochistan,25.18513793,-0.263482759,1000.819,25.18513793,No
2008,Feb,gilgit,-7.696,0.447,278.186,1.144,No
2008,Feb,kpk,9.358,0.073,1752.782,0.936,No
2008,Feb,punjab,23.20634483,-0.237068966,3682.69,0.31262069,No
2008,Feb,sindh,29.95831034,-0.281586207,2303.96,0.041551724,No
2008,Mar,balochistan,37.60806452,-0.279451613,1003.2185,37.60806452,No
2008,Mar,gilgit,5.113,0.386,504.915,0.5,No
2008,Mar,kpk,22.442,-0.016,2161.501,0.985,No
2008,Mar,punjab,32.09203226,-0.274225806,3768.37,0.256290323,No
2008,Mar,sindh,38.92141935,-0.271387097,2067.15,0.027032258,No
2008,Apr,balochistan,41.42933333,-0.242066667,999.9095,41.42933333,No
2008,Apr,gilgit,9.894,0.375,637.493,1.913,No
2008,Apr,kpk,23.699,0.047,2331.666,3.328,No
2008,Apr,punjab,35.83753333,-0.209166667,2557.8,1.2673,No
2008,Apr,sindh,42.28683333,-0.2528,1577.81,0.109333333,No
2008,May,balochistan,46.75003226,-0.274387097,915.018,46.75003226,No
2008,May,gilgit,16.464,0.264,1142.872,1.223,No
2008,May,kpk,32.198,-0.105,2369.174,1.112,No
2008,May,punjab,39.57364516,-0.25083871,1960.31,0.64483871,No
2008,May,sindh,42.69809677,-0.251129032,1370.49,0.052677419,No
2008,Jun,balochistan,43.99176667,-0.2478,870.5435,43.99176667,No
2008,Jun,gilgit,21.746,0.07,2008.904,1.748,No
2008,Jun,kpk,29.729,-0.139,2752.056,2.053,No
2008,Jun,punjab,35.21913333,-0.152266667,2099.71,1.950733333,No
2008,Jun,sindh,37.3006,-0.165366667,1344.84,0.198133333,No
2008,Jul,balochistan,41.92429032,-0.228580645,936.2825,41.92429032,No
2008,Jul,gilgit,22.359,0.011,2231.026,1.709,No
2008,Jul,kpk,29.125,-0.159,3256.32,3.036,No
2008,Jul,punjab,33.83580645,-0.154645161,2887.56,2.838322581,No
2008,Jul,sindh,36.1535,-0.123677419,1679.22,1.389967742,No
2008,Aug,balochistan,41.67154839,-0.209612903,1122.4495,41.67154839,No
2008,Aug,gilgit,20.326,-0.002,2038.652,1.285,No
2008,Aug,kpk,26.696,-0.134,3487.446,3.369,No
2008,Aug,punjab,32.41193333,-0.133451613,3843.7,3.261387097,No
2008,Aug,sindh,35.31934615,-0.110129032,2703.49,1.629483871,No
2008,Sep,balochistan,42.79556667,-0.2835,1062.409,42.79556667,No
2008,Sep,gilgit,16.494,0.079,1595.526,1.543,No
2008,Sep,kpk,27.567,-0.209,2917.806,2.041,No
2008,Sep,punjab,34.15453333,-0.274966667,3603.11,1.411166667,No
2008,Sep,sindh,37.30746667,-0.238366667,2743.35,0.2281,No
2008,Oct,balochistan,40.73287097,-0.303258065,1001.0765,40.73287097,No
2008,Oct,gilgit,11.507,0.108,1175.553,0.506,No
2008,Oct,kpk,25.754,-0.228,2463.397,0.676,No
2008,Oct,punjab,34.33470968,-0.303451613,2863.42,0.12583871,No
2008,Oct,sindh,39.76267742,-0.284709677,2264.06,0.001354839,No
2008,Nov,balochistan,31.94576667,-0.307066667,981.119,31.94576667,No
2008,Nov,gilgit,3.438,0.208,810.636,0.563,No
2008,Nov,kpk,19.005,-0.106,2029.538,0.621,No
2008,Nov,punjab,29.60310345,-0.304172414,2437.34,0.0445,No
2008,Nov,sindh,34.53933333,-0.296933333,1919.31,0.007033333,No
2008,Dec,balochistan,25.63418519,-0.239888889,1001.2505,25.63418519,No
2008,Dec,gilgit,-5.98,0.382,461.01,1.14,No
2008,Dec,kpk,11.729,-0.015,1970.716,1.425,No
2008,Dec,punjab,21.91980769,-0.184148148,2777.78,0.433709677,No
2008,Dec,sindh,27.57923077,-0.144296296,2079.36,0.253,No
2009,Jan,balochistan,20.51803226,-0.145870968,1036.9315,20.51803226,No
2009,Jan,gilgit,-7.682,0.447,259.691,1.786,No
2009,Jan,kpk,7.257,0.09,2045.725,2.47,No
2009,Jan,punjab,19.21053333,-0.203870968,3884.53,0.862451613,No
2009,Jan,sindh,25.20622581,-0.179612903,2338.25,0.176903226,No
2009,Feb,balochistan,26.16875,-0.21475,1050.349,26.16875,No
2009,Feb,gilgit,-5.821,0.462,264.584,1.691,No
2009,Feb,kpk,12.486,0.097,2066.944,2.862,No
2009,Feb,punjab,23.07635714,-0.221035714,4403.72,0.6805,No
2009,Feb,sindh,31.23596429,-0.243035714,2401.41,0.161571429,No
2009,Mar,balochistan,34.2983871,-0.18883871,1126.1865,34.2983871,No
2009,Mar,gilgit,1.994,0.468,372.442,1.498,No
2009,Mar,kpk,17.383,0.109,2273.949,2.383,No
2009,Mar,punjab,29.14841935,-0.179129032,3864.95,0.927967742,No
2009,Mar,sindh,37.63283871,-0.241032258,2001.32,0.197096774,No
2009,Apr,balochistan,39.31183333,-0.235166667,1098.8595,39.31183333,No
2009,Apr,gilgit,9.587,0.421,516.294,2.832,No
2009,Apr,kpk,24.635,0.044,2390.443,4.402,No
2009,Apr,punjab,37.03276667,-0.239133333,2428.69,0.716,No
2009,Apr,sindh,43.57956667,-0.250066667,1536.42,0.099166667,No
2009,May,balochistan,47.75312903,-0.281129032,988.259,47.75312903,No
2009,May,gilgit,14.218,0.347,789.947,0.886,No
2009,May,kpk,31.822,-0.065,2268.111,1.127,No
2009,May,punjab,43.39764516,-0.265612903,1866.43,0.409774194,No
2009,May,sindh,45.754,-0.255064516,1401.61,0.034419355,No
2009,Jun,balochistan,47.3265,-0.2707,926.285,47.3265,No
2009,Jun,gilgit,17.629,0.238,1309.053,1.207,No
2009,Jun,kpk,35.185,-0.104,2374.682,1.165,No
2009,Jun,punjab,42.2599,-0.241266667,1998.82,0.7074,No
2009,Jun,sindh,43.0488,-0.209433333,1537.05,0.177766667,No
2009,Jul,balochistan,45.06109677,-0.245677419,935.5395,45.06109677,No
2009,Jul,gilgit,20.598,0.098,1980.837,1.314,No
2009,Jul,kpk,30.617,-0.146,2779.602,1.776,No
2009,Jul,punjab,36.6266129,-0.18,2656.66,2.269967742,No
2009,Jul,sindh,37.1646129,-0.121,1990.06,3.734709677,Yes
2009,Aug,balochistan,45.0713871,-0.259645161,989.2535,45.0713871,No
2009,Aug,gilgit,23.079,-0.013,2206.2,1.32,No
2009,Aug,kpk,29.398,-0.176,3274.611,2.502,No
2009,Aug,punjab,34.78283871,-0.187064516,3646.08,2.337129032,No
2009,Aug,sindh,35.38319355,-0.13516129,2782.7,0.972645161,Yes
2009,Sep,balochistan,45.10658621,-0.296344828,989.6025,45.10658621,No
2009,Sep,gilgit,18.846,0.001,1829.483,1.068,No
2009,Sep,kpk,29.596,-0.25,2987.333,1.667,No
2009,Sep,punjab,36.39141379,-0.298896552,3485.49,1.0069,No
2009,Sep,sindh,37.984,-0.251172414,2883.61,0.049233333,No
2009,Oct,balochistan,39.59609677,-0.306612903,973.962,39.59609677,No
2009,Oct,gilgit,11.934,0.109,1269.823,0.373,No
2009,Oct,kpk,25.734,-0.212,2404.206,0.365,No
2009,Oct,punjab,34.12958065,-0.313774194,2842.31,0.060290323,No
2009,Oct,sindh,38.96864516,-0.295870968,2460.41,0.0,No
2009,Nov,balochistan,31.6926,-0.282066667,949.468,31.6926,No
2009,Nov,gilgit,0.14,0.285,815.62,0.381,No
2009,Nov,kpk,16.859,-0.063,2036.532,0.52,No
2009,Nov,punjab,27.82833333,-0.2118,2383.2,0.048766667,No
2009,Nov,sindh,33.14413333,-0.271333333,2014.33,0.003233333,No
2009,Dec,balochistan,24.94019355,-0.232806452,978.9185,24.94019355,No
2009,Dec,gilgit,-9.262,0.4,419.398,0.487,No
2009,Dec,kpk,9.859,0.036,1816.146,0.609,No
2009,Dec,punjab,22.78677419,-0.20216129,2480.32,0.175193548,No
2009,Dec,sindh,28.54319355,-0.257064516,2029.01,0.058870968,No
2010,Jan,balochistan,24.48245161,-0.266096774,1013.4815,0.417354839,No
2010,Jan,gilgit,-6.493,0.383,428.029,0.625,No
2010,Jan,kpk,10.031,0.01,1852.61,1.192,No
2010,Jan,punjab,20.92377419,-0.126548387,3447.82,0.329354839,No
2010,Jan,sindh,27.45345161,-0.264258065,2380.43,0.044419355,No
2010,Feb,balochistan,26.94125,-0.203428571,1000.9625,0.916392857,No
2010,Feb,gilgit,-5.636,0.439,323.312,2.526,No
2010,Feb,kpk,10.437,0.147,1773.091,3.96,No
2010,Feb,punjab,24.02185714,-0.185857143,3999.34,0.924321429,No
2010,Feb,sindh,31.23157143,-0.250071429,2406.27,0.189642857,No
2010,Mar,balochistan,38.21213333,-0.281633333,977.1985,0.374741935,No
2010,Mar,gilgit,6.276,0.429,481.128,1.316,No
2010,Mar,kpk,22.142,0.013,2214.101,1.437,No
2010,Mar,punjab,31.98176667,-0.270233333,3792.41,0.524032258,No
2010,Mar,sindh,40.1849,-0.281666667,1841.4,0.035645161,No
2010,Apr,balochistan,44.49286667,-0.244733333,920.21,0.2531,No
2010,Apr,gilgit,12.143,0.393,634.236,1.598,No
2010,Apr,kpk,29.788,-0.015,2251.262,1.802,No
2010,Apr,punjab,39.9794,-0.2563,2191.15,0.382733333,No
2010,Apr,sindh,44.2442,-0.2514,1418.03,0.076,No
2010,May,balochistan,47.48458065,-0.25583871,891.3175,0.23083871,No
2010,May,gilgit,13.943,0.356,868.272,3.531,No
2010,May,kpk,33.022,-0.071,2229.028,1.813,No
2010,May,punjab,44.39,-0.23816129,1705.4,0.454612903,No
2010,May,sindh,46.00212903,-0.247290323,1348.21,0.046516129,No
2010,Jun,balochistan,47.27255172,-0.248862069,876.8945,0.168666667,No
2010,Jun,gilgit,16.053,0.272,1360.878,2.002,No
2010,Jun,kpk,33.54,-0.106,2458.562,1.964,No
2010,Jun,punjab,39.78210345,-0.176275862,2015.46,0.8538,No
2010,Jun,sindh,40.06910345,-0.195517241,1601.46,0.414766667,No
2010,Jul,balochistan,43.76129032,-0.199967742,962.6465,1.050258065,Yes
2010,Jul,gilgit,18.854,0.156,1951.954,2.045,No
2010,Jul,kpk,28.716,-0.087,2908.508,5.399,Yes
2010,Jul,punjab,35.72941935,-0.108870968,2909.65,4.346741935,Yes
2010,Jul,sindh,37.03586207,-0.087806452,2175.11,2.973870968,Yes
2010,Aug,balochistan,44.02680645,-0.173032258,1197.232,1.012677419,Yes
2010,Aug,gilgit,16.126,0.072,2483.87,2.004,No
2010,Aug,kpk,22.842,-0.019,3739.904,5.36,Yes
2010,Aug,punjab,31.883,-0.064612903,4032.54,5.290483871,Yes
2010,Aug,sindh,32.84390323,-0.031935484,2959.83,3.869806452,Yes
2010,Sep,balochistan,42.26193333,-0.2786,1120.518,0.2704,No
2010,Sep,gilgit,16.184,0.078,1933.736,1.078,No
2010,Sep,kpk,25.728,-0.161,3280.443,1.278,No
2010,Sep,punjab,33.28853333,-0.232233333,3847.92,1.590266667,No
2010,Sep,sindh,34.73936667,-0.1625,2989.36,1.191233333,No
2010,Oct,balochistan,40.5393871,-0.295322581,1064.056,0.023064516,No
2010,Oct,gilgit,12.228,0.041,1559.316,0.461,No
2010,Oct,kpk,24.278,-0.23,2803.782,0.307,No
2010,Oct,punjab,33.95145161,-0.295290323,3127.11,0.101806452,No
2010,Oct,sindh,38.44806452,-0.255516129,2519.11,0.002032258,No
2010,Nov,balochistan,32.20356667,-0.326466667,1058.022,0.0024,No
2010,Nov,gilgit,5.586,0.031,1345.722,0.114,No
2010,Nov,kpk,19.08,-0.257,2595.005,0.143,No
2010,Nov,punjab,29.0694,-0.312233333,2848.49,0.0072,No
2010,Nov,sindh,32.41783333,-0.2417,2270.83,0.0071,No
2010,Dec,balochistan,24.42951613,-0.294612903,994.7785,0.113645161,No
2010,Dec,gilgit,-1.443,0.044,1139.824,0.508,No
2010,Dec,kpk,10.844,-0.206,2309.696,0.313,No
2010,Dec,punjab,21.18364516,-0.257870968,2723.3,0.089032258,No
2010,Dec,sindh,26.893,-0.274354839,2163.08,0.005419355,No
2011,Jan,balochistan,23.48067742,-0.256741935,1002.887,0.383806452,No
2011,Jan,gilgit,-8.549,0.357,582.846,0.602,No
2011,Jan,kpk,6.62,-0.028,2069.021,0.595,No
2011,Jan,punjab,18.81829032,-0.151322581,3442.7,0.260064516,No
2011,Jan,sindh,26.3276129,-0.244935484,2310.61,0.062741935,No
2011,Feb,balochistan,25.87975,-0.156535714,1026.787,1.290535714,Yes
2011,Feb,gilgit,-8.167,0.456,227.722,2.491,No
2011,Feb,kpk,9.496,0.198,2018.951,4.097,No
2011,Feb,punjab,22.71371429,-0.088928571,4450.22,1.324428571,No
2011,Feb,sindh,29.85989286,-0.238357143,2598.14,0.122035714,No
2011,Mar,balochistan,33.58870968,-0.22583871,1061.1675,0.76416129,Yes
2011,Mar,gilgit,2.81,0.442,389.239,1.681,No
2011,Mar,kpk,19.794,0.024,2176.042,1.619,No
2011,Mar,punjab,29.95803226,-0.231096774,4264.59,0.373903226,No
2011,Mar,sindh,38.00725806,-0.256645161,2296.91,0.055741935,No
2011,Apr,balochistan,40.19826667,-0.213533333,1106.302,0.753733333,No
2011,Apr,gilgit,7.676,0.424,607.486,1.898,No
2011,Apr,kpk,24.497,0.021,2498.649,2.333,No
2011,Apr,punjab,36.566,-0.222566667,2713.61,0.7728,No
2011,Apr,sindh,43.58216667,-0.246233333,1669.91,0.145766667,No
2011,May,balochistan,47.89545161,-0.294064516,1017.32,0.177612903,No
2011,May,gilgit,17.366,0.234,1223.639,0.973,No
2011,May,kpk,33.581,-0.134,2507.589,0.86,No
2011,May,punjab,43.06087097,-0.290645161,1992.95,0.409032258,No
2011,May,sindh,44.36309677,-0.267290323,1502.18,0.024354839,No
2011,Jun,balochistan,47.7208,-0.269433333,910.4425,0.095666667,No
2011,Jun,gilgit,21.847,0.06,1920.845,1.25,No
2011,Jun,kpk,32.286,-0.192,2708.31,1.049,No
2011,Jun,punjab,38.59,-0.2124,2241.8,1.193833333,No
2011,Jun,sindh,39.71603333,-0.181733333,1472.85,0.0602,No
2011,Jul,balochistan,42.88135484,-0.239741935,958.0185,0.629419355,No
2011,Jul,gilgit,20.921,0.055,2316.068,1.501,No
2011,Jul,kpk,27.975,-0.134,3208.86,2.298,No
2011,Jul,punjab,34.45541935,-0.120935484,3128.63,3.201129032,No
2011,Jul,sindh,38.04341935,-0.137709677,1928.94,0.978774194,No
2011,Aug,balochistan,42.68816129,-0.202322581,1112.2725,0.786677419,No
2011,Aug,gilgit,21.813,0.015,2218.555,1.623,No
2011,Aug,kpk,26.861,-0.116,3544.408,3.6,Yes
2011,Aug,punjab,33.1994,-0.093967742,4323.27,3.763548387,No
2011,Aug,sindh,36.00153571,-0.058516129,2841.18,4.576516129,Yes
2011,Sep,balochistan,41.6898,-0.232466667,1271.2595,0.349033333,No
2011,Sep,gilgit,16.214,0.039,1804.193,1.594,No
2011,Sep,kpk,25.361,-0.161,3286.947,1.902,No
2011,Sep,punjab,33.275,-0.187766667,4172.64,2.654766667,No
2011,Sep,sindh,33.59196552,-0.059666667,3169.61,3.2702,Yes
2011,Oct,balochistan,39.28190323,-0.303774194,1241.443,0.036258065,No
2011,Oct,gilgit,12.11,0.132,1268.465,0.603,No
2011,Oct,kpk,24.934,-0.177,2750.764,1.019,No
2011,Oct,punjab,34.51680645,-0.325548387,3524.46,0.124387097,No
2011,Oct,sindh,37.55270968,-0.26583871,2817.52,0.002870968,No
2011,Nov,balochistan,32.56373333,-0.263066667,1164.418,0.108766667,No
2011,Nov,gilgit,3.343,0.281,902.033,0.347,No
2011,Nov,kpk,18.088,-0.074,2532.185,0.563,No
2011,Nov,punjab,29.81265517,-0.269066667,3075.69,0.051433333,No
2011,Nov,sindh,34.5859,-0.233033333,2412.63,0.027633333,No
2011,Dec,balochistan,24.21096774,-0.293064516,1076.234,0.156967742,No
2011,Dec,gilgit,-4.441,0.267,713.852,0.343,No
2011,Dec,kpk,10.582,-0.104,2227.921,0.192,No
2011,Dec,punjab,21.91587097,-0.293290323,2862.25,0.025096774,No
2011,Dec,sindh,27.40383871,-0.273258065,2194.31,0.007193548,No
2012,Jan,balochistan,22.05309677,-0.23,1048.1525,0.524129032,No
2012,Jan,gilgit,-8.918,0.37,486.639,0.83,No
2012,Jan,kpk,4.099,0.048,1961.657,1.106,No
2012,Jan,punjab,18.30451613,-0.232483871,3325.45,0.380483871,No
2012,Jan,sindh,24.90493548,-0.265645161,2339.35,0.033870968,No
2012,Feb,balochistan,23.88093103,-0.231137931,1020.452,0.428,No
2012,Feb,gilgit,-3.07,0.394,377.596,1.589,No
2012,Feb,kpk,8.877,0.126,1844.283,1.802,No
2012,Feb,punjab,21.48237931,-0.205689655,3775.31,0.458689655,No
2012,Feb,sindh,28.27158621,-0.268482759,2360.12,0.028137931,No
2012,Mar,balochistan,33.17070968,-0.255806452,956.634,0.336612903,No
2012,Mar,gilgit,4.164,0.416,466.663,1.63,No
2012,Mar,kpk,19.724,0.073,2046.974,1.695,No
2012,Mar,punjab,29.38180645,-0.212612903,3538.54,0.350193548,No
2012,Mar,sindh,35.33025806,-0.255774194,2060.46,0.039806452,No
2012,Apr,balochistan,39.30776667,-0.199533333,962.703,0.564,No
2012,Apr,gilgit,11.26,0.378,691.336,1.348,No
2012,Apr,kpk,25.087,0.015,2403.34,2.719,No
2012,Apr,punjab,35.97083333,-0.2273,2600.71,1.204866667,No
2012,Apr,sindh,41.40066667,-0.230166667,1677.68,0.129,No
2012,May,balochistan,44.86667742,-0.268935484,955.0,0.246677419,No
2012,May,gilgit,15.768,0.313,956.275,1.258,No
2012,May,kpk,31.3,-0.079,2417.572,1.199,No
2012,May,punjab,41.33070968,-0.266,1958.81,0.338935484,No
2012,May,sindh,43.84825806,-0.257290323,1504.69,0.074225806,No
2012,Jun,balochistan,46.2604,-0.270633333,908.515,0.086,No
2012,Jun,gilgit,18.713,0.213,1455.741,0.806,No
2012,Jun,kpk,34.759,-0.144,2476.851,0.643,No
2012,Jun,punjab,41.7185,-0.242366667,1968.54,0.365333333,No
2012,Jun,sindh,39.44413333,-0.209833333,1547.44,0.042666667,No
2012,Jul,balochistan,45.04209677,-0.260516129,905.7125,0.485548387,No
2012,Jul,gilgit,21.419,0.042,2122.425,1.296,No
2012,Jul,kpk,32.097,-0.195,2937.637,1.833,No
2012,Jul,punjab,37.67322581,-0.19,2752.91,2.413451613,No
2012,Jul,sindh,37.93145161,-0.146225806,1694.35,0.473129032,No
2012,Aug,balochistan,44.47687097,-0.248193548,991.0285,0.30416129,No
2012,Aug,gilgit,20.218,0.016,2364.285,1.458,No
2012,Aug,kpk,28.314,-0.141,3315.848,2.626,No
2012,Aug,punjab,34.91045161,-0.121677419,4055.78,3.236387097,No
2012,Aug,sindh,37.45286667,-0.145032258,2321.28,0.765709677,No
2012,Sep,balochistan,42.16433333,-0.232866667,1105.9145,0.531533333,No
2012,Sep,gilgit,14.102,0.091,1909.948,1.981,No
2012,Sep,kpk,24.85,-0.107,3318.84,2.681,Yes
2012,Sep,punjab,33.198,-0.177433333,4182.86,3.480433333,Yes
2012,Sep,sindh,34.7931,-0.1159,3038.07,2.860566667,Yes
2012,Oct,balochistan,39.2593871,-0.307774194,1100.483,0.041258065,No
2012,Oct,gilgit,9.007,0.158,1124.234,0.55,No
2012,Oct,kpk,23.829,-0.168,2603.182,0.742,No
2012,Oct,punjab,33.29590323,-0.323096774,3386.86,0.252870968,No
2012,Oct,sindh,38.19035484,-0.276870968,2578.18,0.020806452,No
2012,Nov,balochistan,32.38993333,-0.3046,1063.477,0.0184,No
2012,Nov,gilgit,2.446,0.202,870.811,0.27,No
2012,Nov,kpk,16.222,-0.114,2254.394,0.368,No
2012,Nov,punjab,28.6484,-0.2893,2914.09,0.031433333,No
2012,Nov,sindh,33.88356667,-0.279833333,2232.45,0.001933333,No
2012,Dec,balochistan,24.61622581,-0.239612903,1058.7825,0.61416129,No
2012,Dec,gilgit,-6.456,0.377,537.419,0.945,No
2012,Dec,kpk,9.67,0.021,2048.001,1.19,No
2012,Dec,punjab,22.13096774,-0.201258065,2955.43,0.371548387,No
2012,Dec,sindh,27.66422581,-0.253516129,2246.16,0.051290323,No
2013,Jan,balochistan,23.06825806,-0.271677419,1002.2415,0.447483871,No
2013,Jan,gilgit,-9.852,0.441,403.393,0.549,No
2013,Jan,kpk,6.008,0.008,1999.182,0.584,No
2013,Jan,punjab,18.97393548,-0.192032258,3476.52,0.326677419,No
2013,Jan,sindh,26.51493548,-0.246677419,2364.07,0.093806452,No
2013,Feb,balochistan,25.98446429,-0.155035714,1007.313,1.403535714,No
2013,Feb,gilgit,-5.594,0.449,394.312,1.667,No
2013,Feb,kpk,7.877,0.183,2062.255,3.885,No
2013,Feb,punjab,21.04759259,-0.101571429,4532.16,1.821785714,No
2013,Feb,sindh,29.39903571,-0.219964286,2564.25,0.340035714,No
2013,Mar,balochistan,34.47522581,-0.238419355,1077.393,1.045741935,No
2013,Mar,gilgit,3.87,0.434,562.512,1.262,No
2013,Mar,kpk,16.431,0.086,2537.48,3.325,No
2013,Mar,punjab,28.8283871,-0.228967742,4501.72,0.743774194,No
2013,Mar,sindh,37.38193548,-0.245709677,2142.37,0.111774194,No
2013,Apr,balochistan,38.22833333,-0.193166667,1106.974,0.557666667,No
2013,Apr,gilgit,10.511,0.353,766.543,1.349,No
2013,Apr,kpk,24.04,-0.01,2627.583,2.325,No
2013,Apr,punjab,35.2473,-0.215433333,2749.59,0.7301,No
2013,Apr,sindh,41.35783333,-0.2217,1678.16,0.1669,No
2013,May,balochistan,47.19680645,-0.288129032,1033.54,0.080483871,No
2013,May,gilgit,13.846,0.325,1089.385,1.405,No
2013,May,kpk,32.605,-0.085,2552.278,0.677,No
2013,May,punjab,44.08345161,-0.289806452,2095.43,0.162419355,No
2013,May,sindh,45.63219355,-0.271322581,1577.01,0.017032258,No
2013,Jun,balochistan,45.9681,-0.259833333,950.7165,0.275833333,No
2013,Jun,gilgit,20.039,0.142,1879.795,1.999,No
2013,Jun,kpk,32.288,-0.152,2891.718,1.729,No
2013,Jun,punjab,40.54036667,-0.237033333,2358.77,1.535433333,No
2013,Jun,sindh,40.67693333,-0.1952,1695.87,0.377066667,No
2013,Jul,balochistan,44.89487097,-0.237580645,946.0655,0.598096774,Yes
2013,Jul,gilgit,23.398,0.003,2317.972,1.634,Yes
2013,Jul,kpk,29.144,-0.134,3261.399,2.172,Yes
2013,Jul,punjab,36.41632258,-0.134193548,3192.89,2.787387097,Yes
2013,Jul,sindh,38.99986207,-0.101516129,2126.31,1.281645161,Yes
2013,Aug,balochistan,41.75609677,-0.205774194,1143.5705,0.837806452,Yes
2013,Aug,gilgit,19.315,0.035,2325.817,2.304,Yes
2013,Aug,kpk,27.619,-0.106,3798.454,4.061,Yes
2013,Aug,punjab,34.47219355,-0.112967742,4033.65,4.050451613,Yes
2013,Aug,sindh,35.085,-0.090967742,2792.66,1.825677419,Yes
2013,Sep,balochistan,44.98156667,-0.308566667,1106.6105,0.089066667,Yes
2013,Sep,gilgit,19.055,-0.051,1983.497,1.275,Yes
2013,Sep,kpk,28.227,-0.235,3226.986,1.559,Yes
2013,Sep,punjab,35.4387,-0.299866667,3783.64,0.993533333,Yes
2013,Sep,sindh,37.9571,-0.2386,2823.6,0.471933333,Yes
2013,Oct,balochistan,40.71258065,-0.314677419,1083.221,0.053645161,No
2013,Oct,gilgit,14.221,0.012,1612.352,0.349,No
2013,Oct,kpk,25.437,-0.218,2906.685,0.489,No
2013,Oct,punjab,34.51416129,-0.299870968,3363.75,0.227516129,No
2013,Oct,sindh,38.26619355,-0.285709677,2725.21,0.120322581,No
2013,Nov,balochistan,31.2292,-0.2663,1066.956,0.1365,No
2013,Nov,gilgit,0.74,0.256,977.974,0.438,No
2013,Nov,kpk,13.508,-0.061,2461.012,0.996,No
2013,Nov,punjab,28.64186667,-0.2761,2880.94,0.188533333,No
2013,Nov,sindh,33.80796667,-0.288433333,2269.23,0.0034,No
2013,Dec,balochistan,24.23203226,-0.320032258,1020.369,0.119225806,No
2013,Dec,gilgit,-2.804,0.282,724.52,0.387,No
2013,Dec,kpk,11.815,-0.083,2294.828,0.483,No
2013,Dec,punjab,22.30193548,-0.260387097,3027.13,0.027645161,No
2013,Dec,sindh,27.76525806,-0.290774194,2253.17,0.005322581,No
2014,Jan,balochistan,22.59441935,-0.268741935,1010.1895,0.521580645,No
2014,Jan,gilgit,-8.533,0.401,485.354,1.048,No
2014,Jan,kpk,8.512,-0.012,2202.171,0.664,No
2014,Jan,punjab,20.25725806,-0.211354839,3662.97,0.580387097,No
2014,Jan,sindh,25.59470968,-0.266774194,2338.92,0.036516129,No
2014,Feb,balochistan,25.63946429,-0.247607143,1022.4995,0.497392857,No
2014,Feb,gilgit,-3.33,0.403,493.514,1.068,No
2014,Feb,kpk,10.61,0.095,2119.743,1.789,No
2014,Feb,punjab,22.81282143,-0.191642857,4491.14,0.586857143,No
2014,Feb,sindh,29.61364286,-0.253178571,2566.47,0.03725,No
2014,Mar,balochistan,32.06396774,-0.198129032,1010.508,0.950741935,No
2014,Mar,gilgit,1.906,0.436,515.515,2.508,No
2014,Mar,kpk,17.057,0.108,2424.765,3.484,No
2014,Mar,punjab,27.71919355,-0.175870968,4189.8,1.345548387,No
2014,Mar,sindh,36.10987097,-0.223677419,2247.32,0.154935484,No
2014,Apr,balochistan,40.9335,-0.2678,1020.3415,0.350166667,No
2014,Apr,gilgit,8.555,0.412,605.954,1.58,No
2014,Apr,kpk,23.265,0.016,2574.193,2.29,No
2014,Apr,punjab,35.99083333,-0.246633333,2810.51,1.204433333,No
2014,Apr,sindh,43.23296667,-0.2793,1685.06,0.125166667,No
2014,May,balochistan,44.33558065,-0.263290323,985.7205,0.357516129,No
2014,May,gilgit,13.879,0.304,1003.033,1.555,No
2014,May,kpk,30.747,-0.062,2702.286,1.637,No
2014,May,punjab,40.07596774,-0.26316129,2199.04,0.744322581,No
2014,May,sindh,43.27067742,-0.262354839,1531.35,0.112354839,No
2014,Jun,balochistan,48.01736667,-0.296833333,891.677,0.065333333,No
2014,Jun,gilgit,19.269,0.159,1525.43,0.999,No
2014,Jun,kpk,33.909,-0.181,2658.475,0.742,No
2014,Jun,punjab,40.7783,-0.263,2139.48,0.643333333,No
2014,Jun,sindh,41.7429,-0.236633333,1552.79,0.019433333,No
2014,Jul,balochistan,44.6786129,-0.246612903,892.8615,0.442709677,No
2014,Jul,gilgit,21.814,0.033,2261.452,1.548,No
2014,Jul,kpk,29.695,-0.155,3139.721,1.809,No
2014,Jul,punjab,35.92193333,-0.138548387,3010.17,2.406741935,No
2014,Jul,sindh,37.81331034,-0.142709677,1840.42,1.239967742,No
2014,Aug,balochistan,44.29451613,-0.264129032,953.996,0.291064516,No
2014,Aug,gilgit,22.099,0.013,2081.642,1.796,No
2014,Aug,kpk,29.63,-0.187,3394.36,2.411,No
2014,Aug,punjab,34.79543333,-0.225129032,3837.4,2.146741935,No
2014,Aug,sindh,37.76822581,-0.171548387,2423.75,0.866774194,No
2014,Sep,balochistan,44.51473333,-0.302033333,969.594,0.084033333,No
2014,Sep,gilgit,15.2,0.056,1815.116,3.104,Yes
2014,Sep,kpk,28.164,-0.249,3105.409,1.626,No
2014,Sep,punjab,34.42706667,-0.239333333,3814.41,2.582733333,Yes
2014,Sep,sindh,37.93256667,-0.2268,2632.0,0.480433333,No
2014,Oct,balochistan,39.68123333,-0.298866667,976.296,0.017387097,No
2014,Oct,gilgit,11.254,0.163,1287.824,0.607,No
2014,Oct,kpk,23.601,-0.125,2743.867,0.928,No
2014,Oct,punjab,33.71276667,-0.2872,3348.0,0.216967742,No
2014,Oct,sindh,39.37266667,-0.252833333,2335.44,0.043419355,No
2014,Nov,balochistan,31.80896667,-0.2983,951.321,0.017966667,No
2014,Nov,gilgit,0.811,0.257,956.699,0.284,No
2014,Nov,kpk,16.86,-0.099,2437.491,0.412,No
2014,Nov,punjab,28.82793333,-0.306233333,2860.72,0.066533333,No
2014,Nov,sindh,34.48073333,-0.276933333,1963.85,0.003033333,No
2014,Dec,balochistan,25.93206452,-0.308096774,927.1045,0.115612903,No
2014,Dec,gilgit,-4.583,0.278,778.026,0.231,No
2014,Dec,kpk,10.666,-0.106,2205.918,0.234,No
2014,Dec,punjab,21.83803226,-0.199354839,2828.67,0.065709677,No
2014,Dec,sindh,27.91222581,-0.268774194,2002.4,0.010483871,No
2015,Jan,balochistan,23.85367742,-0.284967742,946.53,0.393,No
2015,Jan,gilgit,-5.295,0.319,661.469,0.704,No
2015,Jan,kpk,9.95,-0.041,2067.982,1.095,No
2015,Jan,punjab,19.68556667,-0.185032258,3558.89,0.412322581,No
2015,Jan,sindh,26.50425806,-0.263870968,2336.69,0.029967742,No
2015,Feb,balochistan,27.33296429,-0.207821429,964.5025,1.03525,No
2015,Feb,gilgit,-2.582,0.41,463.375,1.645,No
2015,Feb,kpk,7.25,0.107,2154.707,2.992,No
2015,Feb,punjab,22.87425,-0.140535714,4497.05,1.234785714,No
2015,Feb,sindh,30.67385714,-0.222535714,2477.13,0.165428571,No
2015,Mar,balochistan,31.69809677,-0.200258065,949.458,0.82,No
2015,Mar,gilgit,1.791,0.457,464.954,2.507,No
2015,Mar,kpk,16.055,0.15,2433.894,3.599,No
2015,Mar,punjab,25.93183871,-0.125322581,4350.46,1.946967742,No
2015,Mar,sindh,36.35377419,-0.222096774,2024.52,0.214677419,No
2015,Apr,balochistan,41.7647,-0.279333333,976.744,0.262966667,No
2015,Apr,gilgit,7.501,0.41,669.781,2.473,No
2015,Apr,kpk,24.53,-0.017,2655.428,2.575,No
2015,Apr,punjab,35.0039,-0.2639,2753.59,0.8952,No
2015,Apr,sindh,41.5661,-0.259366667,1506.28,0.064933333,No
2015,May,balochistan,47.44758065,-0.273806452,935.357,0.20883871,No
2015,May,gilgit,13.371,0.309,1129.99,1.192,No
2015,May,kpk,31.297,-0.088,2712.255,1.227,No
2015,May,punjab,42.0163871,-0.275129032,2196.27,0.465516129,No
2015,May,sindh,44.94967742,-0.270548387,1447.44,0.095741935,No
2015,Jun,balochistan,45.98863333,-0.277866667,887.9795,0.187033333,No
2015,Jun,gilgit,17.073,0.226,1629.934,1.251,No
2015,Jun,kpk,31.892,-0.144,2815.07,0.907,No
2015,Jun,punjab,38.65113333,-0.2196,2441.65,0.8048,No
2015,Jun,sindh,39.87653333,-0.195333333,1589.7,0.271833333,No
2015,Jul,balochistan,44.1683871,-0.198580645,967.086,1.130774194,No
2015,Jul,gilgit,20.198,0.103,2374.46,2.153,No
2015,Jul,kpk,28.736,-0.069,3513.258,4.083,No
2015,Jul,punjab,33.932,-0.065548387,3534.82,4.067225806,No
2015,Jul,sindh,35.48689655,-0.057935484,1896.26,4.387258065,No
2015,Aug,balochistan,44.56358065,-0.275580645,1027.205,0.220580645,No
2015,Aug,gilgit,20.251,-0.012,2438.462,1.689,No
2015,Aug,kpk,27.089,-0.157,3833.252,3.723,No
2015,Aug,punjab,32.79106452,-0.16716129,4081.72,3.811,No
2015,Aug,sindh,36.24103226,-0.134903226,2499.53,0.126387097,No
2015,Sep,balochistan,43.91093333,-0.312933333,1010.7365,0.065266667,No
2015,Sep,gilgit,17.603,0.061,1658.135,1.579,No
2015,Sep,kpk,28.591,-0.242,3190.481,1.455,No
2015,Sep,punjab,35.15086667,-0.289933333,3836.34,1.369633333,No
2015,Sep,sindh,38.37466667,-0.236466667,2674.85,0.340166667,No
2015,Oct,balochistan,41.19080645,-0.304806452,982.757,0.072903226,No
2015,Oct,gilgit,9.998,0.16,1199.631,1.403,No
2015,Oct,kpk,23.941,-0.177,2838.255,1.686,No
2015,Oct,punjab,33.90609677,-0.316709677,3385.81,0.342129032,No
2015,Oct,sindh,39.27103226,-0.290129032,2341.98,0.019258065,No
2015,Nov,balochistan,31.6448,-0.307033333,975.7025,0.021,No
2015,Nov,gilgit,-0.506,0.367,731.242,0.533,No
2015,Nov,kpk,17.437,-0.018,2562.668,1.0,No
2015,Nov,punjab,28.52256667,-0.2842,2946.71,0.077133333,No
2015,Nov,sindh,33.08483333,-0.291366667,2046.71,0.0033,No
2015,Dec,balochistan,24.46774194,-0.267483871,961.86,0.214548387,No
2015,Dec,gilgit,-6.433,0.361,565.671,0.552,No
2015,Dec,kpk,8.811,-0.046,2380.519,0.657,No
2015,Dec,punjab,21.54096774,-0.266129032,3112.17,0.214548387,No
2015,Dec,sindh,27.34693548,-0.25616129,2144.52,0.020419355,No
2016,Jan,balochistan,26.14629032,-0.290903226,964.936,0.336935484,No
2016,Jan,gilgit,-8.83,0.406,543.687,0.705,No
2016,Jan,kpk,6.844,0.004,2422.478,1.042,No
2016,Jan,punjab,19.99774194,-0.127967742,4170.95,0.441225806,No
2016,Jan,sindh,28.06735484,-0.249870968,2542.75,0.05016129,No
2016,Feb,balochistan,27.66335,-0.305315789,985.2405,0.169586207,No
2016,Feb,gilgit,-3.068,0.383,564.909,0.716,No
2016,Feb,kpk,11.979,-0.025,2465.627,0.653,No
2016,Feb,punjab,23.50505,-0.326631579,4513.0,0.21462069,No
2016,Feb,sindh,29.8131,-0.288222222,2529.22,0.026137931,No
2016,Mar,balochistan,33.21290323,-0.160709677,953.4225,1.616870968,No
2016,Mar,gilgit,2.931,0.421,566.9,2.266,Yes
2016,Mar,kpk,14.237,0.14,2544.845,3.943,Yes
2016,Mar,punjab,27.96496774,-0.145483871,4364.51,2.030612903,Yes
2016,Mar,sindh,36.86967742,-0.195612903,2042.15,0.284451613,No
2016,Apr,balochistan,40.9726,-0.224333333,989.1505,0.351866667,No
2016,Apr,gilgit,7.652,0.411,685.71,1.582,Yes
2016,Apr,kpk,25.814,0.002,2683.994,2.654,Yes
2016,Apr,punjab,38.04316667,-0.226633333,2804.87,0.6342,Yes
2016,Apr,sindh,41.8449,-0.230133333,1526.68,0.1138,No
2016,May,balochistan,48.26980645,-0.28083871,913.2325,0.302870968,No
2016,May,gilgit,16.094,0.293,1156.493,1.455,Yes
2016,May,kpk,31.979,-0.12,2644.59,1.654,Yes
2016,May,punjab,42.44906452,-0.275419355,2114.33,0.787225806,Yes
2016,May,sindh,43.4326129,-0.256354839,1454.36,0.095677419,No
2016,Jun,balochistan,47.8338,-0.281466667,861.6785,0.5241,Yes
2016,Jun,gilgit,20.343,0.092,1913.927,1.57,Yes
2016,Jun,kpk,32.578,-0.205,2834.339,2.004,Yes
2016,Jun,punjab,39.26283333,-0.2488,2278.97,1.462766667,No
2016,Jun,sindh,41.80063333,-0.2157,1652.72,1.196133333,No
2016,Jul,balochistan,44.78619355,-0.259516129,884.149,0.681967742,Yes
2016,Jul,gilgit,21.215,0.034,2392.103,1.759,Yes
2016,Jul,kpk,29.461,-0.174,3419.003,3.592,Yes
2016,Jul,punjab,34.82541935,-0.147387097,3345.73,3.883709677,No
2016,Jul,sindh,37.59122581,-0.129419355,2040.72,0.528935484,No
2016,Aug,balochistan,44.68745161,-0.26216129,1017.342,0.778225806,Yes
2016,Aug,gilgit,18.801,0.037,2301.175,1.317,Yes
2016,Aug,kpk,28.55,-0.19,3544.066,2.578,Yes
2016,Aug,punjab,34.13967742,-0.15983871,4063.04,3.754258065,No
2016,Aug,sindh,35.52480645,-0.115096774,2809.75,3.191677419,No
2016,Sep,balochistan,44.84456667,-0.309333333,1018.104,0.126033333,Yes
2016,Sep,gilgit,17.633,-0.037,1949.495,1.005,Yes
2016,Sep,kpk,28.73,-0.257,3063.892,1.351,Yes
2016,Sep,punjab,35.77943333,-0.316633333,3779.02,0.827466667,No
2016,Sep,sindh,37.0205,-0.259666667,2860.84,0.066733333,No
2016,Oct,balochistan,40.55245161,-0.323516129,974.0525,0.003483871,No
2016,Oct,gilgit,13.737,-0.032,1583.396,0.549,No
2016,Oct,kpk,25.959,-0.277,2570.668,0.409,No
2016,Oct,punjab,34.88922581,-0.333096774,2976.01,0.105258065,No
2016,Oct,sindh,38.21741935,-0.290419355,2297.87,0.125935484,No
2016,Nov,balochistan,32.51393333,-0.3211,951.671,0.007933333,No
2016,Nov,gilgit,4.98,0.063,1304.407,0.342,No
2016,Nov,kpk,19.581,-0.175,2330.951,0.442,No
2016,Nov,punjab,29.50216667,-0.267166667,2559.24,0.064266667,No
2016,Nov,sindh,34.43216667,-0.3039,2016.89,0.003133333,No
2016,Dec,balochistan,28.62093548,-0.321580645,962.2,0.13583871,No
2016,Dec,gilgit,-0.582,0.2,945.591,0.322,No
2016,Dec,kpk,14.435,-0.136,2114.292,0.458,No
2016,Dec,punjab,24.24183871,-0.282580645,2898.42,0.083806452,No
2016,Dec,sindh,30.0866129,-0.298258065,2283.48,0.004806452,No
2017,Jan,balochistan,22.9466,-0.200032258,988.491,1.809516129,No
2017,Jan,gilgit,-10.12,0.376,543.567,1.767,No
2017,Jan,kpk,7.004,0.128,2030.312,2.791,No
2017,Jan,punjab,18.36793548,-0.10916129,4118.56,1.158193548,No
2017,Jan,sindh,24.39829032,-0.215032258,2669.85,0.252129032,No
2017,Feb,balochistan,27.14628571,-0.178428571,1038.8815,0.733964286,No
2017,Feb,gilgit,-3.695,0.451,382.653,1.037,No
2017,Feb,kpk,13.158,0.077,2176.62,3.178,No
2017,Feb,punjab,24.81311111,-0.238,4613.31,0.616535714,No
2017,Feb,sindh,31.05217857,-0.269035714,2634.49,0.106857143,No
2017,Mar,balochistan,34.05274194,-0.231419355,1022.963,0.572387097,No
2017,Mar,gilgit,1.309,0.431,517.534,1.225,No
2017,Mar,kpk,18.017,0.029,2427.954,1.499,No
2017,Mar,punjab,29.79751613,-0.224193548,4037.32,0.529290323,No
2017,Mar,sindh,37.62509677,-0.265903226,1996.81,0.074741935,No
2017,Apr,balochistan,44.40406897,-0.305172414,999.8075,0.137,No
2017,Apr,gilgit,7.71,0.428,661.172,2.401,No
2017,Apr,kpk,28.842,-0.07,2477.894,1.659,No
2017,Apr,punjab,39.11841379,-0.304862069,2474.56,0.717466667,No
2017,Apr,sindh,43.56606897,-0.286,1503.15,0.020033333,No
2017,May,balochistan,48.41922581,-0.264451613,924.5745,0.521322581,No
2017,May,gilgit,14.401,0.281,1168.698,2.496,No
2017,May,kpk,32.174,-0.12,2499.676,1.896,No
2017,May,punjab,42.22796774,-0.267709677,2041.42,1.204419355,No
2017,May,sindh,44.09758065,-0.253967742,1468.87,0.100645161,No
2017,Jun,balochistan,48.39746667,-0.285766667,882.204,0.3569,No
2017,Jun,gilgit,19.586,0.135,2005.624,1.528,No
2017,Jun,kpk,32.31,-0.176,2834.178,1.388,No
2017,Jun,punjab,37.41426667,-0.203933333,2545.07,2.041166667,No
2017,Jun,sindh,40.47551724,-0.1943,1606.4,0.8504,No
2017,Jul,balochistan,44.95958065,-0.238645161,946.2685,0.958903226,No
2017,Jul,gilgit,20.842,0.012,2488.854,1.483,No
2017,Jul,kpk,29.137,-0.152,3343.382,3.79,No
2017,Jul,punjab,35.45887097,-0.148870968,3504.08,3.690774194,No
2017,Jul,sindh,37.23796552,-0.071709677,2237.6,4.554612903,No
2017,Aug,balochistan,45.12932258,-0.278451613,986.695,0.415354839,No
2017,Aug,gilgit,21.197,-0.039,2340.995,1.244,No
2017,Aug,kpk,28.28,-0.199,3468.686,3.039,No
2017,Aug,punjab,33.96109677,-0.201548387,4074.02,2.344935484,No
2017,Aug,sindh,35.95603448,-0.153,3130.62,1.653,Yes
2017,Sep,balochistan,45.21813333,-0.312266667,1003.9125,0.0651,No
2017,Sep,gilgit,18.175,-0.041,1880.935,1.049,No
2017,Sep,kpk,28.893,-0.267,2977.016,1.472,No
2017,Sep,punjab,35.181,-0.3117,3892.42,1.140233333,No
2017,Sep,sindh,37.18993333,-0.259233333,3083.16,0.1187,No
2017,Oct,balochistan,42.08754839,-0.327580645,973.998,0.00116129,No
2017,Oct,gilgit,13.775,-0.031,1544.383,0.234,No
2017,Oct,kpk,26.673,-0.267,2502.499,0.252,No
2017,Oct,punjab,34.84574194,-0.330774194,3137.1,0.023645161,No
2017,Oct,sindh,40.13748387,-0.310806452,2607.28,0.0,No
2017,Nov,balochistan,32.318,-0.311533333,950.7775,0.184933333,No
2017,Nov,gilgit,5.037,0.048,1238.478,0.279,No
2017,Nov,kpk,15.727,-0.152,2242.765,0.709,No
2017,Nov,punjab,27.5311,-0.2441,2443.26,0.1455,No
2017,Nov,sindh,33.24486667,-0.300133333,2111.62,0.005266667,No
2017,Dec,balochistan,24.60106452,-0.290903226,958.385,0.331612903,No
2017,Dec,gilgit,-4.759,0.296,658.37,0.551,No
2017,Dec,kpk,10.952,-0.074,2136.906,1.056,No
2017,Dec,punjab,21.40393548,-0.238290323,2816.54,0.396774194,No
2017,Dec,sindh,26.84332258,-0.248258065,2206.94,0.098322581,No
2018,Jan,balochistan,25.18816129,-0.303870968,963.505,0.178774194,No
2018,Jan,gilgit,-5.534,0.36,528.021,0.407,No
2018,Jan,kpk,9.21,-0.08,2128.944,0.397,No
2018,Jan,punjab,20.94870968,-0.262193548,3776.89,0.217645161,No
2018,Jan,sindh,27.95280645,-0.295419355,2598.73,0.026032258,No
2018,Feb,balochistan,28.05128571,-0.198535714,966.8005,0.705285714,No
2018,Feb,gilgit,-1.439,0.351,559.307,0.727,No
2018,Feb,kpk,11.913,0.038,2184.858,2.224,No
2018,Feb,punjab,23.55375,-0.217464286,4353.97,0.674142857,No
2018,Feb,sindh,31.18235714,-0.217678571,2570.98,0.168178571,No
2018,Mar,balochistan,37.72164516,-0.278774194,964.3865,0.462935484,No
2018,Mar,gilgit,4.583,0.412,583.25,1.095,No
2018,Mar,kpk,18.72,0.022,2499.519,2.239,No
2018,Mar,punjab,31.50596774,-0.267677419,4004.35,0.549193548,No
2018,Mar,sindh,39.53483871,-0.287387097,1972.42,0.036096774,No
2018,Apr,balochistan,41.80633333,-0.236033333,904.118,0.300533333,No
2018,Apr,gilgit,11.572,0.354,788.913,1.717,No
2018,Apr,kpk,25.705,-0.032,2463.739,2.918,No
2018,Apr,punjab,37.2354,-0.268633333,2356.14,0.706966667,No
2018,Apr,sindh,42.9012,-0.267933333,1473.43,0.1073,No
2018,May,balochistan,45.48567742,-0.268935484,829.801,0.138193548,No
2018,May,gilgit,15.303,0.264,1155.767,2.879,No
2018,May,kpk,31.367,-0.088,2518.068,2.397,No
2018,May,punjab,40.6966129,-0.243903226,2002.6,0.563645161,No
2018,May,sindh,42.85532258,-0.255935484,1415.49,0.029516129,No
2018,Jun,balochistan,48.66666667,-0.2861,818.8775,0.170333333,No
2018,Jun,gilgit,18.555,0.135,1844.758,1.117,No
2018,Jun,kpk,32.423,-0.166,2745.14,1.437,No
2018,Jun,punjab,38.92006667,-0.189966667,2340.03,1.5572,No
2018,Jun,sindh,40.98563333,-0.208266667,1491.5,0.365866667,No
2018,Jul,balochistan,44.56903226,-0.253903226,832.6405,0.526451613,No
2018,Jul,gilgit,20.905,0.052,2278.857,1.77,No
2018,Jul,kpk,29.012,-0.12,3139.829,3.711,No
2018,Jul,punjab,33.89693548,-0.132032258,3017.26,3.69716129,No
2018,Jul,sindh,36.78332258,-0.131935484,1719.87,0.886322581,No
2018,Aug,balochistan,42.23454839,-0.241290323,863.695,0.256774194,No
2018,Aug,gilgit,22.753,-0.072,2352.515,1.42,No
2018,Aug,kpk,28.198,-0.186,3392.541,2.307,No
2018,Aug,punjab,34.01712903,-0.192903226,3740.84,1.794354839,No
2018,Aug,sindh,35.65403448,-0.124774194,2262.59,0.462677419,No
2018,Sep,balochistan,43.57286667,-0.295533333,910.0705,0.0807,No
2018,Sep,gilgit,19.352,-0.015,1723.492,1.184,No
2018,Sep,kpk,28.356,-0.247,2967.141,1.795,No
2018,Sep,punjab,35.01263333,-0.284966667,3530.88,1.0186,No
2018,Sep,sindh,36.89993333,-0.230566667,2439.52,0.068566667,No
2018,Oct,balochistan,39.52335484,-0.300548387,902.597,0.026225806,No
2018,Oct,gilgit,9.352,0.185,1034.42,0.972,No
2018,Oct,kpk,22.883,-0.134,2515.496,1.381,No
2018,Oct,punjab,33.0613871,-0.310258065,3002.56,0.188387097,No
2018,Oct,sindh,39.507,-0.27916129,2245.53,0.019741935,No
2018,Nov,balochistan,32.56916667,-0.296266667,877.7775,0.052966667,No
2018,Nov,gilgit,-0.943,0.367,615.401,0.497,No
2018,Nov,kpk,15.893,-0.062,2301.33,0.719,No
2018,Nov,punjab,28.79766667,-0.256333333,2693.52,0.1293,No
2018,Nov,sindh,34.23853333,-0.2603,1969.16,0.0548,No
2018,Dec,balochistan,26.36067742,-0.321451613,903.818,0.16916129,No
2018,Dec,gilgit,-6.903,0.349,558.222,0.384,No
2018,Dec,kpk,8.793,-0.095,2210.873,0.672,No
2018,Dec,punjab,21.40045161,-0.287064516,3239.53,0.181032258,No
2018,Dec,sindh,28.26358065,-0.288774194,2156.93,0.042645161,No
2019,Jan,balochistan,23.93816129,-0.222903226,907.47,1.016774194,No
2019,Jan,gilgit,-12.857,0.451,238.595,1.464,No
2019,Jan,kpk,4.716,0.116,1901.058,2.191,No
2019,Jan,punjab,17.90987097,-0.121,3926.28,1.022451613,No
2019,Jan,sindh,25.79203226,-0.229129032,2455.32,0.319580645,No
2019,Feb,balochistan,24.31703704,-0.162,927.9405,1.309714286,Yes
2019,Feb,gilgit,-7.342,0.47,224.19,1.594,No
2019,Feb,kpk,8.995,0.143,2031.08,2.942,Yes
2019,Feb,punjab,20.37492857,-0.164071429,4747.66,1.565464286,Yes
2019,Feb,sindh,28.82889286,-0.2305,2551.38,0.425107143,No
2019,Mar,balochistan,29.97412903,-0.173709677,937.6815,2.199419355,No
2019,Mar,gilgit,0.266,0.476,350.208,1.307,No
2019,Mar,kpk,14.983,0.108,2219.957,2.831,No
2019,Mar,punjab,26.72733333,-0.164967742,4457.2,1.106354839,No
2019,Mar,sindh,35.8616129,-0.209419355,2128.12,0.420548387,No
2019,Apr,balochistan,40.43183333,-0.210533333,1028.2265,0.858633333,No
2019,Apr,gilgit,11.534,0.388,731.044,1.513,No
2019,Apr,kpk,24.929,0.015,2682.656,2.946,No
2019,Apr,punjab,36.04223333,-0.249733333,2840.39,1.2459,No
2019,Apr,sindh,42.72372414,-0.2562,1546.04,0.164666667,No
2019,May,balochistan,45.58835484,-0.269612903,1026.619,0.457290323,No
2019,May,gilgit,14.211,0.294,1081.286,1.157,No
2019,May,kpk,29.703,-0.103,2769.329,1.094,No
2019,May,punjab,41.54780645,-0.291903226,2354.48,0.689516129,No
2019,May,sindh,44.30051613,-0.263548387,1475.95,0.147870968,No
2019,Jun,balochistan,47.38476667,-0.296366667,960.628,0.178566667,No
2019,Jun,gilgit,16.344,0.224,1527.072,2.452,No
2019,Jun,kpk,34.592,-0.164,2785.39,1.484,No
2019,Jun,punjab,41.55616667,-0.283733333,2325.4,0.855966667,No
2019,Jun,sindh,41.3777931,-0.236233333,1581.77,0.177,No
2019,Jul,balochistan,44.58945161,-0.250322581,951.7065,0.969258065,No
2019,Jul,gilgit,20.967,0.057,2267.6,1.682,No
2019,Jul,kpk,29.227,-0.142,3149.811,2.605,No
2019,Jul,punjab,36.02693103,-0.147096774,3258.71,3.241419355,No
2019,Jul,sindh,37.51386667,-0.146516129,1814.26,2.433225806,No
2019,Aug,balochistan,44.04967742,-0.230354839,1105.5435,0.775322581,No
2019,Aug,gilgit,21.093,-0.025,2476.063,1.546,No
2019,Aug,kpk,27.767,-0.158,3728.831,3.489,No
2019,Aug,punjab,35.0056129,-0.173870968,4185.9,3.139741935,No
2019,Aug,sindh,34.87422581,-0.105096774,3024.37,3.717193548,No
2019,Sep,balochistan,44.80203333,-0.2949,1107.822,0.259833333,No
2019,Sep,gilgit,20.749,-0.127,1902.812,1.27,No
2019,Sep,kpk,27.642,-0.233,3327.837,1.315,No
2019,Sep,punjab,35.2823,-0.264533333,4140.43,1.637766667,No
2019,Sep,sindh,35.95493333,-0.2216,3342.85,1.371766667,No
2019,Oct,balochistan,38.59193548,-0.300903226,1100.156,0.148,No
2019,Oct,gilgit,11.135,0.154,1469.493,0.54,No
2019,Oct,kpk,23.699,-0.154,2952.869,0.925,No
2019,Oct,punjab,32.15732258,-0.299290323,3639.73,0.444870968,No
2019,Oct,sindh,36.39019355,-0.269290323,2856.57,0.204483871,No
2019,Nov,balochistan,28.58393333,-0.2473,1086.7215,0.3228,No
2019,Nov,gilgit,-1.654,0.37,676.5,1.105,No
2019,Nov,kpk,15.425,0.016,2552.883,1.707,No
2019,Nov,punjab,26.47662069,-0.1659,3146.37,0.3488,No
2019,Nov,sindh,30.89633333,-0.223633333,2365.59,0.164,No
2019,Dec,balochistan,24.68290323,-0.284451613,1077.4855,0.367193548,No
2019,Dec,gilgit,-8.284,0.418,484.87,0.46,No
2019,Dec,kpk,8.036,-0.06,2385.26,0.403,No
2019,Dec,punjab,19.80656667,-0.145774194,3194.7,0.314,No
2019,Dec,sindh,25.76551613,-0.251806452,2337.41,0.073451613,No
2020,Jan,balochistan,19.81625806,-0.151903226,1038.9045,1.107645161,No
2020,Jan,gilgit,-12.639,0.464,228.306,1.34,No
2020,Jan,kpk,1.584,0.148,2131.913,2.009,No
2020,Jan,punjab,15.62609677,-0.142709677,4170.49,1.102483871,No
2020,Jan,sindh,23.20383871,-0.23416129,2706.88,0.115709677,No
2020,Feb,balochistan,27.25341379,-0.280517241,1097.142,0.419068966,No
2020,Feb,gilgit,-6.13,0.496,339.427,0.474,No
2020,Feb,kpk,11.368,0.035,2366.264,1.503,No
2020,Feb,punjab,23.74203448,-0.285068966,4646.88,0.585965517,No
2020,Feb,sindh,29.95431034,-0.289793103,2771.46,0.030482759,No
2020,Mar,balochistan,31.63103226,-0.184419355,1171.6945,1.494548387,No
2020,Mar,gilgit,2.197,0.445,526.57,1.768,No
2020,Mar,kpk,12.292,0.161,2642.598,3.922,No
2020,Mar,punjab,25.80148387,-0.112645161,4501.25,2.498225806,No
2020,Mar,sindh,34.03755172,-0.214516129,2333.77,0.318741935,No
2020,Apr,balochistan,40.5586,-0.228966667,1175.7705,0.395766667,No
2020,Apr,gilgit,7.968,0.4,680.512,1.968,No
2020,Apr,kpk,22.253,0.025,2901.714,4.327,No
2020,Apr,punjab,34.5556,-0.244233333,3254.03,1.1598,No
2020,Apr,sindh,41.5925,-0.245166667,1667.23,0.164066667,No
2020,May,balochistan,46.955,-0.292548387,1092.299,0.278129032,No
2020,May,gilgit,14.941,0.279,1136.595,2.371,No
2020,May,kpk,29.589,-0.095,2890.678,1.995,No
2020,May,punjab,41.42745161,-0.267516129,2555.72,0.78083871,No
2020,May,sindh,44.97164516,-0.278225806,1555.71,0.089645161,No
2020,Jun,balochistan,48.29103333,-0.3276,1014.7015,0.1661,No
2020,Jun,gilgit,18.419,0.138,1798.337,1.441,No
2020,Jun,kpk,31.4,-0.168,3123.194,1.326,No
2020,Jun,punjab,38.69136667,-0.274933333,2689.68,1.254633333,No
2020,Jun,sindh,41.6191,-0.260033333,1708.09,0.174666667,No
2020,Jul,balochistan,46.04106452,-0.267774194,1020.825,0.842806452,No
2020,Jul,gilgit,20.985,0.035,2298.466,1.303,No
2020,Jul,kpk,31.557,-0.205,3411.831,2.354,No
2020,Jul,punjab,36.27129032,-0.219516129,3322.33,2.724709677,No
2020,Jul,sindh,38.10168966,-0.156580645,2223.06,2.062258065,No
2020,Aug,balochistan,43.85948387,-0.201096774,1191.08,1.391677419,No
2020,Aug,gilgit,22.553,-0.012,2337.048,1.965,No
2020,Aug,kpk,28.504,-0.155,3737.307,2.498,No
2020,Aug,punjab,35.19390323,-0.137548387,4296.68,4.495806452,No
2020,Aug,sindh,33.93263333,-0.072774194,3044.43,5.484419355,Yes
2020,Sep,balochistan,44.25903333,-0.3111,1287.501,0.137466667,No
2020,Sep,gilgit,18.583,-0.043,1994.873,1.289,No
2020,Sep,kpk,29.424,-0.255,3462.279,2.567,No
2020,Sep,punjab,35.40056667,-0.283433333,4127.65,1.699833333,No
2020,Sep,sindh,36.05813793,-0.2205,3293.18,1.245433333,No
2020,Oct,balochistan,38.8403871,-0.337580645,1181.3565,0.047354839,No
2020,Oct,gilgit,14.317,-0.072,1582.659,0.215,No
2020,Oct,kpk,26.056,-0.262,2785.866,0.237,No
2020,Oct,punjab,34.98906452,-0.363580645,3121.46,0.040967742,No
2020,Oct,sindh,37.62832258,-0.291096774,2506.36,0.077774194,No
2020,Nov,balochistan,31.14816667,-0.310333333,1153.918,0.0477,No
2020,Nov,gilgit,1.646,0.214,546.612,0.766,No
2020,Nov,kpk,14.157,-0.065,2256.106,1.353,No
2020,Nov,punjab,27.2434,-0.2485,2945.73,0.183333333,No
2020,Nov,sindh,31.91483333,-0.2911,2242.72,0.007566667,No
2020,Dec,balochistan,24.01896774,-0.316709677,1143.916,0.432903226,No
2020,Dec,gilgit,-7.836,0.378,486.832,0.901,No
2020,Dec,kpk,9.672,-0.029,2256.646,0.802,No
2020,Dec,punjab,21.08012903,-0.243774194,3379.62,0.355258065,No
2020,Dec,sindh,26.59041935,-0.296967742,2454.73,0.023612903,No
2021,Jan,balochistan,23.85993548,-0.333935484,1113.9535,0.18083871,No
2021,Jan,gilgit,-8.883,0.442,433.062,0.583,No
2021,Jan,kpk,8.204,-0.055,2271.304,0.469,No
2021,Jan,punjab,19.40274194,-0.215806452,3979.08,0.431129032,No
2021,Jan,sindh,25.41125806,-0.299354839,2705.44,0.025935484,No
2021,Feb,balochistan,30.92746429,-0.316392857,1090.6955,0.221035714,No
2021,Feb,gilgit,-0.415,0.391,538.692,0.615,No
2021,Feb,kpk,16.256,-0.07,2290.739,0.615,No
2021,Feb,punjab,25.94560714,-0.306107143,4414.97,0.1395,No
2021,Feb,sindh,31.76342857,-0.29825,2695.09,0.029571429,No
2021,Mar,balochistan,36.46977419,-0.275225806,1019.287,0.589064516,No
2021,Mar,gilgit,7.093,0.41,615.947,2.346,No
2021,Mar,kpk,20.392,0.044,2454.478,3.536,No
2021,Mar,punjab,29.78745161,-0.210741935,3887.65,1.225806452,No
2021,Mar,sindh,37.00993548,-0.273032258,2118.21,0.122806452,No
2021,Apr,balochistan,42.77933333,-0.2701,1000.502,0.286766667,No
2021,Apr,gilgit,6.811,0.418,656.48,1.635,No
2021,Apr,kpk,23.374,-0.015,2516.224,2.25,No
2021,Apr,punjab,37.12606667,-0.240266667,2567.66,0.696266667,No
2021,Apr,sindh,42.8888,-0.291633333,1618.68,0.1083,No
2021,May,balochistan,46.62206452,-0.280935484,954.858,0.321419355,No
2021,May,gilgit,14.19,0.295,1139.99,0.966,No
2021,May,kpk,29.853,-0.118,2585.427,1.251,No
2021,May,punjab,39.76480645,-0.268677419,2281.7,0.637903226,No
2021,May,sindh,41.89809677,-0.252322581,1613.7,0.107258065,No
2021,Jun,balochistan,47.9291,-0.2968,928.9325,0.302433333,No
2021,Jun,gilgit,20.536,0.129,1790.24,1.25,No
2021,Jun,kpk,32.748,-0.199,2702.051,1.218,No
2021,Jun,punjab,38.3094,-0.257566667,2500.11,0.997533333,No
2021,Jun,sindh,38.88131034,-0.227066667,1718.44,0.5345,No
2021,Jul,balochistan,43.80667742,-0.234258065,990.1755,1.178387097,No
2021,Jul,gilgit,22.431,0.056,2416.203,2.273,No
2021,Jul,kpk,30.048,-0.147,3472.428,3.765,No
2021,Jul,punjab,36.4416129,-0.140064516,3432.26,4.212903226,Yes
2021,Jul,sindh,36.57811111,-0.098193548,2128.43,1.764516129,No
2021,Aug,balochistan,44.94858065,-0.294774194,1040.1255,0.192129032,No
2021,Aug,gilgit,21.08,-0.037,2374.144,1.146,No
2021,Aug,kpk,28.502,-0.232,3615.42,2.179,No
2021,Aug,punjab,34.50251613,-0.245322581,3835.29,1.816290323,No
2021,Aug,sindh,36.60542857,-0.191258065,2627.71,0.152064516,No
2021,Sep,balochistan,43.78096667,-0.2856,1060.8835,0.302566667,No
2021,Sep,gilgit,20.398,-0.092,2031.495,1.927,No
2021,Sep,kpk,27.543,-0.253,3296.644,1.908,No
2021,Sep,punjab,34.3303,-0.240633333,3920.36,3.038766667,No
2021,Sep,sindh,35.76203448,-0.182933333,3276.55,2.646966667,No
2021,Oct,balochistan,37.96322581,-0.302870968,1070.726,0.078935484,No
2021,Oct,gilgit,11.255,0.137,1253.283,1.045,No
2021,Oct,kpk,25.024,-0.207,2701.696,0.83,No
2021,Oct,punjab,33.38380645,-0.336419355,3204.98,0.379193548,No
2021,Oct,sindh,35.31970968,-0.27883871,2821.39,0.046580645,No
2021,Nov,balochistan,31.52623333,-0.3409,999.0205,0.001733333,No
2021,Nov,gilgit,2.488,0.196,1044.488,0.15,No
2021,Nov,kpk,16.968,-0.202,2421.033,0.184,No
2021,Nov,punjab,28.17323333,-0.351966667,2664.72,0.009233333,No
2021,Nov,sindh,31.99923333,-0.309433333,2305.71,0.011433333,No
2021,Dec,balochistan,24.7163871,-0.286903226,991.3165,0.229,No
2021,Dec,gilgit,-6.008,0.267,771.05,0.617,No
2021,Dec,kpk,9.473,-0.109,2167.706,0.663,No
2021,Dec,punjab,20.44990323,-0.302903226,3305.45,0.168225806,No
2021,Dec,sindh,25.44713333,-0.270225806,2495.37,0.089290323,No
2022,Jan,balochistan,21.57496774,-0.236354839,1029.305,1.29216129,No
2022,Jan,gilgit,-10.115,0.416,494.118,2.098,No
2022,Jan,kpk,4.924,0.11,1978.983,2.899,No
2022,Jan,punjab,18.53206452,-0.145064516,4235.2,1.739548387,No
2022,Jan,sindh,23.48335484,-0.267766667,2822.68,0.289935484,No
2022,Feb,balochistan,28.50692857,-0.313892857,1046.602,0.178678571,No
2022,Feb,gilgit,-3.729,0.41,679.799,1.23,No
2022,Feb,kpk,11.772,0.005,2214.69,1.064,No
2022,Feb,punjab,23.37460714,-0.285142857,4543.62,0.316428571,No
2022,Feb,sindh,30.87685714,-0.327321429,2651.11,0.044571429,No
2022,Mar,balochistan,37.47693548,-0.280032258,1051.7085,0.566225806,No
2022,Mar,gilgit,7.745,0.324,1010.379,0.909,No
2022,Mar,kpk,21.776,-0.036,2622.97,1.647,No
2022,Mar,punjab,31.64832258,-0.288064516,3945.92,0.535870968,No
2022,Mar,sindh,39.15016129,-0.305612903,2070.88,0.086612903,No
2022,Apr,balochistan,45.071,-0.2989,963.4865,0.159,No
2022,Apr,gilgit,15.564,0.191,1420.555,0.658,No
2022,Apr,kpk,29.721,-0.143,2623.968,1.034,No
2022,Apr,punjab,39.90333333,-0.3229,2471.09,0.2255,No
2022,Apr,sindh,45.5602,-0.3137,1560.02,0.052133333,No
2022,May,balochistan,46.37,-0.280806452,860.2165,0.059129032,No
2022,May,gilgit,19.852,0.096,1806.752,0.748,No
2022,May,kpk,33.182,-0.162,2514.247,0.922,No
2022,May,punjab,41.1293871,-0.283580645,2037.44,0.180032258,No
2022,May,sindh,43.72519355,-0.266741935,1458.11,0.003903226,No
2022,Jun,balochistan,46.1042,-0.279533333,849.254,0.260833333,Yes
2022,Jun,gilgit,22.158,0.033,2109.718,1.416,Yes
2022,Jun,kpk,33.901,-0.19,2654.227,1.418,Yes
2022,Jun,punjab,39.42453333,-0.250566667,2408.53,1.1954,Yes
2022,Jun,sindh,40.71563333,-0.234766667,1566.3,0.244966667,Yes
2022,Jul,balochistan,40.42232258,-0.08916129,1080.4005,3.841032258,Yes
2022,Jul,gilgit,23.717,0.051,2747.443,3.016,Yes
2022,Jul,kpk,26.834,-0.032,3726.847,3.848,Yes
2022,Jul,punjab,32.86187097,-0.009677419,3859.71,6.483806452,Yes
2022,Jul,sindh,32.73535714,-0.036387097,2444.06,7.297419355,Yes
2022,Aug,balochistan,40.13887097,-0.112451613,1422.915,1.740290323,Yes
2022,Aug,gilgit,21.181,-0.02,2772.288,1.882,Yes
2022,Aug,kpk,25.928,-0.06,4035.711,4.575,Yes
2022,Aug,punjab,32.39825806,-0.120612903,4401.91,3.568774194,Yes
2022,Aug,sindh,27.78306897,0.037322581,2818.52,5.371483871,Yes
2022,Sep,balochistan,41.88476667,-0.312833333,1460.4625,0.139133333,Yes
2022,Sep,gilgit,19.654,-0.087,2342.682,1.661,Yes
2022,Sep,kpk,26.587,-0.266,3585.858,1.252,Yes
2022,Sep,punjab,34.6455,-0.320733333,4040.78,1.230366667,Yes
2022,Sep,sindh,35.5436,-0.197233333,3116.59,0.6218,Yes
2022,Oct,balochistan,38.6705,-0.335666667,1363.049,0.001354839,Yes
2022,Oct,gilgit,13.464,-0.056,1728.859,0.646,Yes
2022,Oct,kpk,24.763,-0.26,2942.238,0.472,Yes
2022,Oct,punjab,34.26038889,-0.369055556,3110.8,0.064741935,Yes
2022,Oct,sindh,37.56472222,-0.293666667,2497.54,0.0,Yes
2022,Nov,balochistan,30.767,-0.3086,1333.3175,0.0516,No
2022,Nov,gilgit,1.224,0.24,1221.065,0.701,No
2022,Nov,kpk,14.196,-0.09,2693.881,1.157,No
2022,Nov,punjab,27.23426667,-0.300033333,3194.13,0.2317,No
2022,Nov,sindh,33.03276667,-0.324166667,2427.16,0.006633333,No
2022,Dec,balochistan,23.95048387,-0.32216129,1307.2395,0.194290323,No
2022,Dec,gilgit,-1.708,0.167,1136.255,0.315,No
2022,Dec,kpk,9.056,-0.143,2546.04,0.251,No
2022,Dec,punjab,20.52929032,-0.27816129,4027.61,0.065064516,No
2022,Dec,sindh,27.11864516,-0.339387097,2676.22,0.006064516,No
2023,Jan,balochistan,19.7083871,-0.267806452,1295.1385,0.440903226,No
2023,Jan,gilgit,-8.084,0.322,817.353,1.191,No
2023,Jan,kpk,6.734,0.02,2320.707,1.277,No
2023,Jan,punjab,17.96393548,-0.213741935,4454.02,0.394193548,No
2023,Jan,sindh,23.373,-0.332419355,2864.25,0.034387097,No
2023,Feb,balochistan,29.1325,-0.28725,1211.055,0.248035714,No
2023,Feb,gilgit,-1.616,0.373,797.453,0.592,No
2023,Feb,kpk,12.703,0.052,2304.348,1.342,No
2023,Feb,punjab,23.98960714,-0.2426875,4466.87,0.300035714,No
2023,Feb,sindh,31.29285714,-0.334,2752.77,0.040464286,No
2023,Mar,balochistan,33.09570968,-0.2653296266,1193.9515,1.218096774,Yes
2023,Mar,gilgit,5.322,0.2631402745,1039.715,1.277,No
2023,Mar,kpk,14.955,-0.02496628831,2589.786,2.173,Yes
2023,Mar,punjab,28.41148387,-0.2156990888,4131.92,1.392741935,Yes
2023,Mar,sindh,35.83148387,-0.2439132892,2211.76,0.185709677,No
2023,Apr,balochistan,38.72996667,-0.2717873581,1210.0185,0.3992,Yes
2023,Apr,gilgit,11.462,0.2144922502,1202.023,1.095,No
2023,Apr,kpk,23.248,-0.1505502876,2734.524,1.121,Yes
2023,Apr,punjab,34.7993,-0.2631699149,2912.22,0.519833333,Yes
2023,Apr,sindh,41.2985,-0.2392534532,1835.46,0.1754,No
2023,May,balochistan,44.1113871,-0.2748081087,1159.3245,0.400612903,Yes
2023,May,gilgit,14.309,0.1829412134,1491.25,1.766,No
2023,May,kpk,27.703,-0.1355620394,2857.07,1.918,Yes
2023,May,punjab,37.5583871,-0.2313909197,2558.99,1.272451613,Yes
2023,May,sindh,42.39480645,-0.2326986211,1751.16,0.289645161,No
2023,Jun,balochistan,44.14416667,-0.2718230854,1092.021,0.579333333,Yes
2023,Jun,gilgit,18.767,0.07786758497,2082.698,2.41,No
2023,Jun,kpk,30.086,-0.1884893868,3214.403,2.053,Yes
2023,Jun,punjab,36.57023333,-0.2005545289,3002.9,1.998466667,Yes
2023,Jun,sindh,38.22316667,-0.2114212523,2047.93,0.826133333,No
2023,Jul,balochistan,39.99129032,-0.2702199839,1153.35,1.390129032,Yes
2023,Jul,gilgit,18.235,-0.02206908416,2727.579,3.378,No
2023,Jul,kpk,26.725,-0.179010283,3787.051,3.235,No
2023,Jul,punjab,33.14919355,-0.0683432956,3715.35,4.634322581,Yes
2023,Jul,sindh,34.09934483,-0.06013333425,2217.41,4.076516129,No
2023,Aug,balochistan,40.763,-0.2757162042,1252.1615,0.106774194,No
2023,Aug,gilgit,22.772,-0.1401899899,2853.202,1.791,No
2023,Aug,kpk,28.251,-0.265712544,3725.631,1.873,No
2023,Aug,punjab,32.4623,-0.2229523581,3947.39,1.574290323,No
2023,Aug,sindh,33.64558621,-0.2611209077,2969.4,0.048387097,No
2023,Sep,balochistan,40.7737,-0.2733613587,1198.4395,0.109733333,No
2023,Sep,gilgit,20.304,-0.004305217938,2325.288,1.972,No
2023,Sep,kpk,26.847,-0.2350941307,3312.673,1.339,No
2023,Sep,punjab,33.7468,-0.2276758971,4004.9,1.637866667,No
2023,Sep,sindh,35.92,-0.240569527,3177.72,0.548333333,No
2023,Oct,balochistan,37.22693548,-0.2685969618,1168.739,0.095322581,No
2023,Oct,gilgit,10.916,0.07550051553,1729.524,0.858,No
2023,Oct,kpk,22.849,-0.2169375685,3023.292,0.713,No
2023,Oct,punjab,31.42019355,-0.2658279029,3476.18,0.386741935,No
2023,Oct,sindh,36.56729032,-0.2575582015,2714.58,0.049354839,No
2023,Nov,balochistan,29.70913333,-0.2612408278,1168.6635,0.145433333,No
2023,Nov,gilgit,3.829,0.09275104385,1575.102,0.51,No
2023,Nov,kpk,14.758,-0.1559077264,2826.216,0.674,No
2023,Nov,punjab,26.00226667,-0.2363747987,3052.24,0.224266667,No
2023,Nov,sindh,30.90926667,-0.2531042663,2435.44,0.054466667,No
2023,Dec,balochistan,24.74309677,-0.2572502555,1188.375,0.181967742,No
2023,Dec,gilgit,-1.789,0.1201097705,1411.373,0.303,No
2023,Dec,kpk,9.874,-0.1356214464,2655.583,0.283,No
2023,Dec,punjab,19.77696774,-0.2266601788,3653.06,0.065806452,No
2023,Dec,sindh,25.52316129,-0.2596254454,2747.8,0.006129032,No
2024,Jan,balochistan,22.14954839,-0.2535251098,1163.1425,0.453193548,No
2024,Jan,gilgit,-3.1,0.1390416461,1359.117,0.42,No
2024,Jan,kpk,7.652,-0.06449745739,2376.081,0.609,No
2024,Jan,punjab,15.77864516,-0.1731337207,2667.93,0.26683871,No
2024,Jan,sindh,22.36422581,-0.259400921,2965.87,0.074032258,No
2024,Feb,balochistan,24.70034483,-0.2553698559,1153.0455,1.105827586,Yes
2024,Feb,gilgit,-4.872,0.3357279225,754.577,1.365,Yes
2024,Feb,kpk,8.548,0.03910026131,2233.346,1.942,Yes
2024,Feb,punjab,20.69503571,-0.2259144917,4607.32,0.623482759,No
2024,Feb,sindh,27.03807143,-0.2493777648,2901.03,0.270655172,Yes
2024,Mar,balochistan,29.18351613,-0.2595107088,1147.0125,1.005645161,Yes
2024,Mar,gilgit,2.655,0.3536207045,901.441,2.312,Yes
2024,Mar,kpk,12.804,0.07346834171,2512.688,3.368,Yes
2024,Mar,punjab,27.29635484,-0.2279369873,4347.16,1.134806452,Yes
2024,Mar,sindh,33.77803226,-0.2478106328,2341.14,0.140516129,No
2024,Apr,balochistan,35.19013333,-0.2678422985,1202.6175,0.934533333,Yes
2024,Apr,gilgit,9.254,0.2725410853,1172.277,2.012,Yes
2024,Apr,kpk,19.18,0.1099073327,2814.608,5.017,Yes
2024,Apr,punjab,33.90883333,-0.2374762671,3024.46,0.9967,Yes
2024,Apr,sindh,40.09253333,-0.239221147,1809.37,0.167166667,No
2024,May,balochistan,44.41286667,-0.2766392851,1192.507,0.151483871,Yes
2024,May,gilgit,17.101,0.0970913431,1555.523,0.497,Yes
2024,May,kpk,30.604,-0.2399263458,2936.798,0.688,Yes
2024,May,punjab,43.09753333,-0.3037551797,2334.61,0.28216129,Yes
2024,May,sindh,45.52824138,-0.2428619586,1686.9,0.057774194,No
2024,Jun,balochistan,45.1944,-0.2733899456,1101.787,0.214666667,Yes
2024,Jun,gilgit,20.33,-0.003180462959,2138.814,1.193,Yes
2024,Jun,kpk,33.383,-0.2181345617,2994.249,1.334,Yes
2024,Jun,punjab,40.143,-0.2743009144,2642.93,0.715833333,Yes
2024,Jun,sindh,39.695,-0.223478382,1848.67,0.511966667,No
2024,Jul,balochistan,42.59306452,-0.2728245584,1153.031,1.132064516,Yes
2024,Jul,gilgit,23.059,-0.05777265717,2601.881,2.195,Yes
2024,Jul,kpk,28.613,-0.1836202657,3615.226,2.912,Yes
2024,Jul,punjab,34.27948387,-0.1050914038,3683.5,3.998193548,Yes
2024,Jul,sindh,36.79289655,-0.1462698759,2351.29,2.295774194,No
2024,Aug,balochistan,38.65225806,-0.283545562,1488.3605,1.754096774,Yes
2024,Aug,gilgit,21.025,-0.1134829814,2895.682,2.454,Yes
2024,Aug,kpk,24.295,-0.220256676,4261.69,3.486,Yes
2024,Aug,punjab,31.36353333,-0.03053216742,4732.24,5.688258065,Yes
2024,Aug,sindh,28.16974074,-0.04028455085,3574.73,4.901580645,No
2024,Sep,balochistan,39.74206667,-0.2839362463,1461.93,0.157966667,Yes
2024,Sep,gilgit,19.137,-0.05246620899,2539.707,2.026,Yes
2024,Sep,kpk,26.264,-0.2944236732,3733.636,1.318,Yes
2024,Sep,punjab,33.25383333,-0.2421420599,4214.44,1.396133333,Yes
2024,Sep,sindh,34.26962069,-0.2582846326,3656.83,0.3166,No
2024,Oct,balochistan,37.2766129,-0.2753665057,1321.458,0.096354839,No
2024,Oct,gilgit,14.191,0.01300336656,1894.72,0.441,No
2024,Oct,kpk,23.684,-0.2331620312,3121.314,0.736,No
2024,Oct,punjab,32.97980645,-0.2802300812,3300.44,0.174677419,No
2024,Oct,sindh,36.60054839,-0.2529587458,2885.85,0.198483871,No
2024,Nov,balochistan,30.93823333,-0.2654213456,1235.803,0.060766667,No
2024,Nov,gilgit,4.04,0.1282658559,1364.131,0.244,No
2024,Nov,kpk,15.053,-0.1463285955,2682.963,0.525,No
2024,Nov,punjab,26.90366667,-0.247794215,2931.92,0.030833333,No
2024,Nov,sindh,32.70273333,-0.255891052,2448.64,0.001,No
2024,Dec,balochistan,20.03558065,-0.2535114152,1207.827,0.183225806,No
2024,Dec,gilgit,-6.899,0.1955656947,1122.074,0.422,No
2024,Dec,kpk,5.73,-0.09146378394,2459.881,0.252,No
2024,Dec,punjab,17.07564516,-0.2062073957,3363.34,0.063548387,No
2024,Dec,sindh,22.1493871,-0.2573493811,2605.14,0.008322581,No
